Date,Rate
2015-07-30,0.0
2015-07-31,0.0
2015-08-01,0.0
2015-08-02,0.0
2015-08-03,0.0
2015-08-04,0.0
2015-08-05,0.0
2015-08-06,0.0
2015-08-07,0.0
2015-08-08,0.4663105153493238
2015-08-09,0.47334096207203785
2015-08-10,0.11317759211187757
2015-08-11,0.8153968603787167
2015-08-12,4.715687671020016
2015-08-13,0.39608442688197687
2015-08-14,0.27998737433495885
2015-08-15,0.25373565834246997
2015-08-16,0.16228452151895265
2015-08-17,0.0926896922856964
2015-08-18,0.1086872617957906
2015-08-19,0.32809601194928845
2015-08-20,0.4911600461835009
2015-08-21,0.19662685136302155
2015-08-22,5.950184169693925
2015-08-23,0.8671599274125364
2015-08-24,0.258312438679785
2015-08-25,0.1728980751558147
2015-08-26,0.2086966849728475
2015-08-27,0.019412137272875333
2015-08-28,0.5660843293543298
2015-08-29,0.39479816144456964
2015-08-30,0.018779145078934863
2015-08-31,0.059251161541989256
2015-09-01,0.02998744118720859
2015-09-02,0.045386119927800984
2015-09-03,0.07076147132837322
2015-09-04,0.0677099283916788
2015-09-05,0.06823644571686492
2015-09-06,0.005873381136493187
2015-09-07,0.02714762826071615
2015-09-08,0.21155957819431687
2015-09-09,0.17175710181292633
2015-09-10,0.01581740277150176
2015-09-11,0.019826693182842657
2015-09-12,0.10978248091610017
2015-09-13,0.15391632723385182
2015-09-14,0.02788695410604593
2015-09-15,0.010810160506309745
2015-09-16,1.0965642031417489
2015-09-17,0.5010882383770215
2015-09-18,0.0011724212904571558
2015-09-19,0.07294903158227505
2015-09-20,0.024606753976169123
2015-09-21,0.03286625911479943
2015-09-22,0.005746595252311358
2015-09-23,0.005195535921338246
2015-09-24,0.04890153132831641
2015-09-25,0.036165750390557624
2015-09-26,0.05765677368428342
2015-09-27,0.07754907578374114
2015-09-28,0.032487009229097155
2015-09-29,0.05226440998538419
2015-09-30,0.07171489488112655
2015-10-01,0.00025642940661396664
2015-10-02,0.021234620212070166
2015-10-03,0.0012390860209374362
2015-10-04,0.03369972266143233
2015-10-05,0.00018848283623062022
2015-10-06,0.012468281057558756
2015-10-07,0.003779621065568003
2015-10-08,0.11313808465367668
2015-10-09,0.0875994076642469
2015-10-10,0.047298403981066696
2015-10-11,0.13213886899304197
2015-10-12,0.08804360205552968
2015-10-13,0.036209618096049424
2015-10-14,0.0893806456745349
2015-10-15,0.05438902745373897
2015-10-16,0.02586866693939357
2015-10-17,0.004018475461947313
2015-10-18,0.03008157490485286
2015-10-19,0.008657126543312082
2015-10-20,0.024986965717172425
2015-10-21,0.003324722464189999
2015-10-22,0.06839390870516546
2015-10-23,0.10561149622062803
2015-10-24,0.008939134224312003
2015-10-25,0.0174547725466424
2015-10-26,0.05714416751894294
2015-10-27,0.019422940580807922
2015-10-28,0.02358154841049642
2015-10-29,0.04423172928037497
2015-10-30,0.03156879577048468
2015-10-31,0.004897224824861032
2015-11-01,0.05584959258590428
2015-11-02,0.04751770438894692
2015-11-03,0.029797738142319778
2015-11-04,0.012885200592542318
2015-11-05,0.014301879443506601
2015-11-06,0.015200908726873418
2015-11-07,0.004607406976022337
2015-11-08,0.009047186444675151
2015-11-09,0.009464020432169689
2015-11-10,0.006144481183648112
2015-11-11,0.006194213511622574
2015-11-12,0.12347563953116657
2015-11-13,0.12728624470274935
2015-11-14,0.006170972137297012
2015-11-15,0.006274102713911846
2015-11-16,0.10148356569824847
2015-11-17,0.008176764195762985
2015-11-18,0.04951645496568688
2015-11-19,0.011279998765304333
2015-11-20,0.00490293430005993
2015-11-21,0.006348527339133768
2015-11-22,0.0045570276602678325
2015-11-23,0.0341377196267743
2015-11-24,0.04337607822935078
2015-11-25,0.06558970606636107
2015-11-26,0.004598292228081394
2015-11-27,0.009813611835247657
2015-11-28,0.016015394720550434
2015-11-29,0.018255322693097185
2015-11-30,0.035221591001756085
2015-12-01,0.006545325872533971
2015-12-02,0.022778064561436887
2015-12-03,0.00044757484406504226
2015-12-04,0.006634115898061114
2015-12-05,0.009459415700987982
2015-12-06,0.009653763842760206
2015-12-07,0.0015596672600182854
2015-12-08,0.00454303647420768
2015-12-09,0.018426436793968087
2015-12-10,0.0037332312380689062
2015-12-11,0.05929471807327531
2015-12-12,0.022177739184803633
2015-12-13,0.04681402714283789
2015-12-14,0.058711674004442604
2015-12-15,0.17382945750681061
2015-12-16,0.13765384875369616
2015-12-17,0.019527718794131715
2015-12-18,0.0008466038902391679
2015-12-19,0.020767559615321354
2015-12-20,0.010187773118745955
2015-12-21,0.0023151987149600687
2015-12-22,0.0030102183541740645
2015-12-23,0.03797767625045561
2015-12-24,0.051585431437214335
2015-12-25,0.014367185420231767
2015-12-26,0.0023372695644936583
2015-12-27,0.24536679827960928
2015-12-28,0.20551820959606856
2015-12-29,0.011690703024679098
2015-12-30,0.05560837673757827
2015-12-31,0.016650989963407175
2016-01-01,0.05052983543791959
2016-01-02,0.026012338718208763
2016-01-03,0.00035421982025336715
2016-01-04,0.013042648442385672
2016-01-05,0.0562651456759715
2016-01-06,0.05876185487148382
2016-01-07,0.008393730067355522
2016-01-08,0.009891964902814101
2016-01-09,0.009730373774975922
2016-01-10,0.0032337899374639176
2016-01-11,0.01573488892666247
2016-01-12,0.010862881194316141
2016-01-13,0.06840412511579871
2016-01-14,0.051595320510702966
2016-01-15,0.04184939784647417
2016-01-16,0.041902412218312625
2016-01-17,0.030331872180744936
2016-01-18,0.008754660655318965
2016-01-19,0.0033093183743548474
2016-01-20,0.03634620006197491
2016-01-21,0.08825421110450993
2016-01-22,0.07328639990758107
2016-01-23,0.012296232807164817
2016-01-24,0.06210603334757017
2016-01-25,0.03730169693569238
2016-01-26,0.0388166500889871
2016-01-27,0.004551131562637727
2016-01-28,0.04271444693738161
2016-01-29,0.05924464480004512
2016-01-30,0.12922685484313304
2016-01-31,0.009729032646214176
2016-02-01,0.005633474996218871
2016-02-02,0.0061431042915036605
2016-02-03,0.02470736064755873
2016-02-04,0.1445343862613564
2016-02-05,0.07004523696344149
2016-02-06,0.932363513461484
2016-02-07,0.3808646601967781
2016-02-08,0.014810370897547828
2016-02-09,0.5473881822709391
2016-02-10,0.13578856822085106
2016-02-11,0.5302800827134637
2016-02-12,0.054597492025001866
2016-02-13,0.08074101521241421
2016-02-14,0.07361440721847806
2016-02-15,0.061871807518774136
2016-02-16,0.017148280120727163
2016-02-17,0.02172750486086799
2016-02-18,0.0016100153964536646
2016-02-19,0.0017289247533470616
2016-02-20,0.015198866895779595
2016-02-21,0.008868131607644136
2016-02-22,0.0981073582924878
2016-02-23,0.02415131778580588
2016-02-24,0.04653649436084264
2016-02-25,0.012258837206615485
2016-02-26,0.049826960259062636
2016-02-27,0.00902265300712992
2016-02-28,0.0006597327705674961
2016-02-29,0.08033519092667708
2016-03-01,0.021816469040228294
2016-03-02,0.1278513098408653
2016-03-03,0.16007356301021528
2016-03-04,0.05163669243869046
2016-03-05,0.11442540058727478
2016-03-06,0.004825162450205135
2016-03-07,0.06728791155210645
2016-03-08,0.06256100276858782
2016-03-09,0.2893260111142373
2016-03-10,0.20701668109818294
2016-03-11,0.03869565607079279
2016-03-12,0.005571054961455243
2016-03-13,0.05560590356258032
2016-03-14,0.07498031665326191
2016-03-15,0.07603824679771086
2016-03-16,0.031060334256965333
2016-03-17,0.08560524193691282
2016-03-18,0.050742860091632855
2016-03-19,0.1149626177300871
2016-03-20,0.09108888702157833
2016-03-21,0.01713358630264176
2016-03-22,0.10236367863397058
2016-03-23,0.04246968166924175
2016-03-24,0.012292813108915848
2016-03-25,0.13330705525729583
2016-03-26,0.10756395743181424
2016-03-27,0.06908450543515555
2016-03-28,0.0030883691770519275
2016-03-29,0.06246006455312824
2016-03-30,0.18619509441179175
2016-03-31,0.1843917839620095
2016-04-01,0.03566698973481032
2016-04-02,0.006496149302975191
2016-04-03,0.010220179742378018
2016-04-04,0.01612038195487294
2016-04-05,0.009375478944893847
2016-04-06,0.0402194825255873
2016-04-07,0.035930327353901115
2016-04-08,0.03244044920852092
2016-04-09,0.01220605968593538
2016-04-10,0.012989741922175727
2016-04-11,0.0007971877440785584
2016-04-12,0.02534875125381282
2016-04-13,0.09484914188053174
2016-04-14,0.020260515853094106
2016-04-15,0.11297554899409246
2016-04-16,0.005294058998479224
2016-04-17,0.008624767212125212
2016-04-18,0.02050996305398253
2016-04-19,0.010120642356744996
2016-04-20,0.014074936204176838
2016-04-21,0.05758409944590337
2016-04-22,0.05754938738844527
2016-04-23,0.006925626600670999
2016-04-24,0.018452180345800616
2016-04-25,0.00017385303382980977
2016-04-26,0.0488733627646656
2016-04-27,0.051800260535926825
2016-04-28,0.016766181523767337
2016-04-29,0.02735359992518911
2016-04-30,0.04758787021406385
2016-05-01,0.020571959961698246
2016-05-02,0.014108987190453734
2016-05-03,0.023644708564272074
2016-05-04,0.025221872541550613
2016-05-05,0.02575402372530964
2016-05-06,0.05167585530816402
2016-05-07,0.0034790151856280388
2016-05-08,0.008313388925822085
2016-05-09,0.01241199119961545
2016-05-10,0.024833961938289073
2016-05-11,0.0014625616973385632
2016-05-12,0.07210247552751683
2016-05-13,0.10908404971658991
2016-05-14,0.15629469149625688
2016-05-15,0.053296054741618644
2016-05-16,0.013385113425813102
2016-05-17,0.004927402061057812
2016-05-18,0.02827748979464966
2016-05-19,0.001748056144861085
2016-05-20,0.003317616015626523
2016-05-21,0.028992947798430566
2016-05-22,0.0007746400291607069
2016-05-23,0.005797823011311225
2016-05-24,0.014876905556690875
2016-05-25,0.011612242341516631
2016-05-26,0.021843469997810002
2016-05-27,0.04982108906730247
2016-05-28,0.12661050072593058
2016-05-29,0.11476744259316676
2016-05-30,0.0224333583419194
2016-05-31,0.01774722371371716
2016-06-01,0.002090614239758326
2016-06-02,0.0063450761855771195
2016-06-03,0.0033575972704058036
2016-06-04,0.00843457591668566
2016-06-05,0.0031791551049474586
2016-06-06,0.02576444046519017
2016-06-07,0.02238399207466981
2016-06-08,0.02926032786618266
2016-06-09,0.016669037201298836
2016-06-10,0.006411025916718324
2016-06-11,0.018816752796346887
2016-06-12,0.02574860000016743
2016-06-13,0.008361858229694786
2016-06-14,0.004276890624898106
2016-06-15,0.0062280967004471385
2016-06-16,0.02194527482630688
2016-06-17,0.06114641628813901
2016-06-18,0.008594459316571646
2016-06-19,0.08483391354107947
2016-06-20,0.001982951022239303
2016-06-21,0.10478805367966781
2016-06-22,0.08180958483807241
2016-06-23,0.01741193297915217
2016-06-24,0.01064627496994008
2016-06-25,0.0054315597776392706
2016-06-26,0.015857849047456123
2016-06-27,0.007731362962123843
2016-06-28,0.01218449090709894
2016-06-29,0.014805453699856704
2016-06-30,0.020598633404301007
2016-07-01,0.007648479227141643
2016-07-02,0.019604001842901488
2016-07-03,0.011898361983233336
2016-07-04,0.00032505365610597343
2016-07-05,0.015415962047359958
2016-07-06,0.018236617326805933
2016-07-07,0.0005688592858580544
2016-07-08,0.00020823266691961668
2016-07-09,0.0019834494601294345
2016-07-10,0.005175984851690226
2016-07-11,0.009363158331307934
2016-07-12,0.00287404334990993
2016-07-13,0.014878442451337001
2016-07-14,0.00986473494342876
2016-07-15,0.007814014997367693
2016-07-16,0.013701970316430149
2016-07-17,0.0030283345230476015
2016-07-18,0.008559098889970683
2016-07-19,0.01698315360125976
2016-07-20,0.033727871583621526
2016-07-21,0.0025363491366553453
2016-07-22,0.004778666820608643
2016-07-23,0.011415032237517095
2016-07-24,0.030504665309432088
2016-07-25,0.01196695945555524
2016-07-26,0.03237916122154215
2016-07-27,0.038472700155680516
2016-07-28,0.06337358643641819
2016-07-29,0.056901896922033235
2016-07-30,0.02659428731557621
2016-07-31,0.009395925143772252
2016-08-01,0.0004038286586757005
2016-08-02,0.0052809855878776174
2016-08-03,0.0005399106747447787
2016-08-04,0.010739204670115533
2016-08-05,0.012738481423732654
2016-08-06,0.019758473616430985
2016-08-07,0.0052670742332993755
2016-08-08,0.004285922821948199
2016-08-09,0.02885293189812394
2016-08-10,0.0017653634320952956
2016-08-11,0.017947387548115725
2016-08-12,0.0427632990141518
2016-08-13,0.05442274653799217
2016-08-14,0.0016394749915850007
2016-08-15,0.013920790973684625
2016-08-16,0.0113492076119847
2016-08-17,0.014263338452133676
2016-08-18,0.007895883370893182
2016-08-19,0.03328323324341497
2016-08-20,0.04366351192891071
2016-08-21,0.032566347686355315
2016-08-22,0.017658456616837043
2016-08-23,0.006665918159159525
2016-08-24,0.01501812576353994
2016-08-25,0.02134450644283737
2016-08-26,0.018371533670703946
2016-08-27,0.0010889637180475416
2016-08-28,0.01099591618068071
2016-08-29,0.007885404501000528
2016-08-30,0.02374443679343457
2016-08-31,0.01888620495453141
2016-09-01,0.001495506506316936
2016-09-02,0.023165077473476993
2016-09-03,0.015910415754384035
2016-09-04,0.04250703012533472
2016-09-05,0.035685942751386944
2016-09-06,0.012835617447287818
2016-09-07,0.0034188577895437047
2016-09-08,0.024629875123785436
2016-09-09,0.029862893763980457
2016-09-10,0.025556874816318905
2016-09-11,0.03133895081742684
2016-09-12,0.0012756831529003778
2016-09-13,0.04394244815306347
2016-09-14,0.01468725382261754
2016-09-15,0.01050720452095703
2016-09-16,0.007416685070162998
2016-09-17,0.019907691450554016
2016-09-18,0.01667518819246357
2016-09-19,0.011534043546868695
2016-09-20,0.01537748574651765
2016-09-21,0.010817549607283032
2016-09-22,0.005619225345120602
2016-09-23,0.6601642311733122
2016-09-24,0.0900549729562917
2016-09-25,0.16306111933203557
2016-09-26,0.11739586473888194
2016-09-27,0.1692038327419711
2016-09-28,0.13451874578908854
2016-09-29,0.017141677693827496
2016-09-30,0.02307393883920945
2016-10-01,0.06594280066837337
2016-10-02,0.05109758585553961
2016-10-03,0.012063638812023759
2016-10-04,0.11070282948074137
2016-10-05,0.020007779990231633
2016-10-06,0.07227661788386437
2016-10-07,0.01004593177545636
2016-10-08,0.010104775982728423
2016-10-09,0.03897189077200198
2016-10-10,0.019947084763234427
2016-10-11,0.02016954360444902
2016-10-12,0.07196922209770358
2016-10-13,1.8616304889963275
2016-10-14,0.3625990212183189
2016-10-15,0.4112245829948426
2016-10-16,0.03224797556041637
2016-10-17,0.02995189181484078
2016-10-18,0.10821325395776206
2016-10-19,0.523659929589182
2016-10-20,0.06217166663584816
2016-10-21,0.03739136117381772
2016-10-22,0.0643596105118227
2016-10-23,0.06340023026671489
2016-10-24,0.016582348615338544
2016-10-25,0.04752811156290043
2016-10-26,0.02752342323145079
2016-10-27,0.022974403917347768
2016-10-28,0.04174096531219162
2016-10-29,0.020385986053553747
2016-10-30,0.045328014777299995
2016-10-31,0.029263129246346952
2016-11-01,0.09409480552192902
2016-11-02,0.10337619471176084
2016-11-03,0.01951858711624817
2016-11-04,0.04039763619535871
2016-11-05,0.010171295772965303
2016-11-06,0.0054958540581388615
2016-11-07,0.02044518728778462
2016-11-08,0.008030587129617125
2016-11-09,0.053997939278237705
2016-11-10,0.03779257470223494
2016-11-11,0.1694293788525526
2016-11-12,0.12618461192122735
2016-11-13,0.002980718190010865
2016-11-14,0.007929057662621945
2016-11-15,0.015341159279048267
2016-11-16,0.0065032986788268595
2016-11-17,0.01663047985344198
2016-11-18,0.01827911027084184
2016-11-19,0.016606479463631446
2016-11-20,0.0028698371892362864
2016-11-21,0.02179967344682375
2016-11-22,0.060343153711580555
2016-11-23,0.05323875090193366
2016-11-24,0.13877482015524087
2016-11-25,0.12652893665992748
2016-11-26,0.008221775996330628
2016-11-27,0.02494018399553701
2016-11-28,0.018599969630055602
2016-11-29,0.02188511631399642
2016-11-30,0.07104850656349183
2016-12-01,0.02523931076371992
2016-12-02,0.013600038733465037
2016-12-03,0.011376037336113476
2016-12-04,0.00822966674103604
2016-12-05,0.04280326985662392
2016-12-06,0.0009726040113846108
2016-12-07,0.011081166550647196
2016-12-08,39.196477741449144
2016-12-09,0.9755749719954399
2016-12-10,0.008472355208243739
2016-12-11,0.01526376368947049
2016-12-12,0.021451910979482455
2016-12-13,0.040217500228637314
2016-12-14,0.001348822654687368
2016-12-15,0.021035987248846384
2016-12-16,0.00440625368235269
2016-12-17,0.02620998861045837
2016-12-18,0.016855027891644694
2016-12-19,0.036227817537954926
2016-12-20,0.04308711101171169
2016-12-21,0.021871926510888307
2016-12-22,0.13186661665872473
2016-12-23,0.06892938582791638
2016-12-24,0.046250566655561515
2016-12-25,0.007370352997498319
2016-12-26,0.0034032810594298024
2016-12-27,0.014832061888943262
2016-12-28,0.01426493205042983
2016-12-29,0.009815988702606967
2016-12-30,0.009094479661830515
2016-12-31,0.016920285902100558
2017-01-01,0.002324610108513668
2017-01-02,0.02165574233382225
2017-01-03,0.010033485606913068
2017-01-04,0.007849979749276845
2017-01-05,0.004293941197899886
2017-01-06,0.0030769992426968604
2017-01-07,0.007227585794059311
2017-01-08,0.0068060787464361
2017-01-09,0.0040282845503977205
2017-01-10,0.02420492429356261
2017-01-11,0.00638787078013763
2017-01-12,0.016056790432277555
2017-01-13,0.03996720258197179
2017-01-14,0.013110676937146546
2017-01-15,0.00044590829058793643
2017-01-16,0.0010751762828203476
2017-01-17,0.015474781284653127
2017-01-18,0.014169049638134073
2017-01-19,0.008539721151839031
2017-01-20,0.006353026913645734
2017-01-21,0.0015990417156749152
2017-01-22,0.012835322190423038
2017-01-23,0.006739547451046901
2017-01-24,0.00834333242009383
2017-01-25,0.01125529821758636
2017-01-26,0.006678098316063926
2017-01-27,0.001301022410644506
2017-01-28,0.010246013592785945
2017-01-29,0.007824842098763933
2017-01-30,0.007122873201445265
2017-01-31,0.03492893690161643
2017-02-01,0.020673391580948032
2017-02-02,0.003926467010195964
2017-02-03,0.005075740644863051
2017-02-04,0.005094887012215229
2017-02-05,0.012920086340623707
2017-02-06,0.007048770673666968
2017-02-07,0.0047396390101703345
2017-02-08,0.01735267923705194
2017-02-09,0.004178885932444032
2017-02-10,0.020194556383119257
2017-02-11,0.009287157703510036
2017-02-12,0.019398164246578548
2017-02-13,0.02582429072488882
2017-02-14,0.016868519318482454
2017-02-15,0.3986413067103928
2017-02-16,0.29180578847409355
2017-02-17,0.0030586535296214445
2017-02-18,0.02328768177738069
2017-02-19,0.02889612606189022
2017-02-20,0.0033303795935133006
2017-02-21,0.004582801466832358
2017-02-22,0.012194701577738075
2017-02-23,0.004501591428439517
2017-02-24,0.0006206853606378203
2017-02-25,0.007706114832555338
2017-02-26,0.00846274148185432
2017-02-27,0.01854930653459568
2017-02-28,0.01668275277522701
2017-03-01,0.1620760743974853
2017-03-02,0.13840883341395566
2017-03-03,0.02549058212036459
2017-03-04,0.011101471943236864
2017-03-05,0.012896069688578062
2017-03-06,0.009981928412261927
2017-03-07,0.010733826626450825
2017-03-08,0.012392250542459373
2017-03-09,0.01133718277168145
2017-03-10,0.14492723312094477
2017-03-11,0.11251259410196691
2017-03-12,0.005348549722968646
2017-03-13,0.024354699315360266
2017-03-14,0.023172648488047662
2017-03-15,0.0035116189226552606
2017-03-16,0.019249668393586647
2017-03-17,0.17202523551656795
2017-03-18,0.17348538910616249
2017-03-19,0.0039123999144780935
2017-03-20,0.008413619930134186
2017-03-21,0.0037443924174328765
2017-03-22,0.01565903843997498
2017-03-23,0.009259811373478028
2017-03-24,0.21737699615345332
2017-03-25,0.16140699898151242
2017-03-26,0.03314194390048643
2017-03-27,9.236615205749292e-05
2017-03-28,3.176072118494068e-05
2017-03-29,0.0007742245652830757
2017-03-30,0.0032971966236257136
2017-03-31,0.003738074766929286
2017-04-01,0.012290261206237444
2017-04-02,0.001379209597444089
2017-04-03,1.651820202888335e-05
2017-04-04,0.007144350209368839
2017-04-05,0.0046215594539303
2017-04-06,0.01500736094369413
2017-04-07,0.028179712492161346
2017-04-08,7.986892788355377e-05
2017-04-09,0.007738279011302711
2017-04-10,0.01670890573703982
2017-04-11,0.014465299167280421
2017-04-12,0.048168980396351216
2017-04-13,0.03280582482073913
2017-04-14,0.002401361672801142
2017-04-15,0.0007593485265773498
2017-04-16,0.00630649310948111
2017-04-17,0.007004102006224242
2017-04-18,0.022125778375433766
2017-04-19,0.005297208393876803
2017-04-20,0.006488568522015795
2017-04-21,0.015091244900948143
2017-04-22,0.008252041777288534
2017-04-23,0.03238971694523683
2017-04-24,0.049976269528165425
2017-04-25,0.054731345303196295
2017-04-26,0.01448533772757092
2017-04-27,0.014926297122432047
2017-04-28,0.011048678520596017
2017-04-29,0.030207313295961224
2017-04-30,0.011288307561016637
2017-05-01,0.019865486299522127
2017-05-02,0.0006171726022004219
2017-05-03,0.03450881655691025
2017-05-04,0.015366790062127588
2017-05-05,0.016979282473950648
2017-05-06,0.028438338533678637
2017-05-07,0.027368341420270465
2017-05-08,0.024440505689643875
2017-05-09,0.005160911995899457
2017-05-10,0.012417102706194748
2017-05-11,0.006091949695908633
2017-05-12,0.0023399633034666945
2017-05-13,0.002138368914123294
2017-05-14,0.005515512286212412
2017-05-15,0.007756193601946853
2017-05-16,0.005066280590635896
2017-05-17,0.1934101307301377
2017-05-18,0.15066716092550658
2017-05-19,0.00582064841394135
2017-05-20,0.003038026261468126
2017-05-21,0.009383119138955183
2017-05-22,0.02612129026033803
2017-05-23,0.003224351105135775
2017-05-24,0.027755612044760968
2017-05-25,0.03761500094704772
2017-05-26,0.006177565213232844
2017-05-27,0.01998703604173497
2017-05-28,0.017741245637612313
2017-05-29,0.023396981009881468
2017-05-30,0.10387132689203954
2017-05-31,0.5432868843459064
2017-06-01,0.37690334434352574
2017-06-02,0.03758030431651903
2017-06-03,0.010299962596270314
2017-06-04,0.03664220351128046
2017-06-05,0.02648568976879404
2017-06-06,0.02853225379099235
2017-06-07,0.000706920340843915
2017-06-08,0.0006799883261335393
2017-06-09,0.0446639612261597
2017-06-10,0.0043000204375653285
2017-06-11,0.06339560427157769
2017-06-12,0.27460305788614675
2017-06-13,0.18055354038040827
2017-06-14,0.08396674022748964
2017-06-15,0.026257297206369164
2017-06-16,0.056730371160851445
2017-06-17,0.0517848381943817
2017-06-18,0.05553516264334995
2017-06-19,0.06459048809916029
2017-06-20,0.6911423630186332
2017-06-21,0.6363435579315858
2017-06-22,0.29372306781992885
2017-06-23,0.00462560562076989
2017-06-24,0.15500368984841367
2017-06-25,0.2703038246734503
2017-06-26,0.43623382845196507
2017-06-27,0.3630540976573802
2017-06-28,0.37690159631173553
2017-06-29,0.19457583479945395
2017-06-30,0.2226742392020305
2017-07-01,0.019611885522841967
2017-07-02,0.0415289086465487
2017-07-03,0.09913540726130597
2017-07-04,0.12281401766408259
2017-07-05,0.05955527728620223
2017-07-06,0.049437607494032504
2017-07-07,0.08778493424138054
2017-07-08,0.034482163203603894
2017-07-09,0.029544824283578464
2017-07-10,0.14967110458792202
2017-07-11,0.07594053532082401
2017-07-12,0.011125601982968414
2017-07-13,0.027644203126646203
2017-07-14,0.021586244429500225
2017-07-15,0.15243527067547574
2017-07-16,0.09078036893965372
2017-07-17,0.0323297664827378
2017-07-18,0.07653388675712754
2017-07-19,0.03949395515066058
2017-07-20,0.08019982110313884
2017-07-21,0.43457110216869005
2017-07-22,0.2752938619939694
2017-07-23,0.012794980245516827
2017-07-24,0.023835384056542654
2017-07-25,0.0682583274331269
2017-07-26,0.002049105907319188
2017-07-27,0.0332289126508872
2017-07-28,0.023263475327344737
2017-07-29,0.043200517881764475
2017-07-30,0.006828564318301611
2017-07-31,0.0670472546453214
2017-08-01,0.14151068091338914
2017-08-02,0.012447840190256581
2017-08-03,0.01050664599172118
2017-08-04,0.09046964160985999
2017-08-05,0.05982269023159778
2017-08-06,0.01289463831595694
2017-08-07,0.03681263526397886
2017-08-08,0.05362752771776697
2017-08-09,0.00944939376135079
2017-08-10,0.007589582492627175
2017-08-11,0.03345011715789401
2017-08-12,0.010114466867937117
2017-08-13,0.11082486333019614
2017-08-14,0.0031937118030561087
2017-08-15,0.017693277223162197
2017-08-16,0.5974255324281285
2017-08-17,0.1633606508394701
2017-08-18,0.5373886524352235
2017-08-19,0.42101251735621115
2017-08-20,0.11145639809371669
2017-08-21,0.0038917864379507303
2017-08-22,0.0156705948239761
2017-08-23,0.0071226012634721695
2017-08-24,0.05300895745944632
2017-08-25,0.033581600759726805
2017-08-26,0.09858464612985618
2017-08-27,0.029070966328393188
2017-08-28,0.03929818456384169
2017-08-29,0.13202124015215222
2017-08-30,0.005392675605607991
2017-08-31,0.3965853457876358
2017-09-01,0.1979004091432323
2017-09-02,1.1586276009735432
2017-09-03,0.6071341232687865
2017-09-04,0.12858087641359417
2017-09-05,0.08444710690437839
2017-09-06,0.2116968298906453
2017-09-07,0.010192161643803264
2017-09-08,0.16953835615461052
2017-09-09,0.2917700385113682
2017-09-10,0.2068768015415837
2017-09-11,0.2682542015283907
2017-09-12,0.07519532793295369
2017-09-13,0.045952451469357516
2017-09-14,0.04602613557880876
2017-09-15,0.2521941015913427
2017-09-16,0.006928230094761122
2017-09-17,0.06898893261778984
2017-09-18,0.16193637757579565
2017-09-19,0.025901509029068757
2017-09-20,0.06593047294292795
2017-09-21,0.20327018501385152
2017-09-22,0.01647545102281729
2017-09-23,0.033502168057799236
2017-09-24,0.19796073713434922
2017-09-25,0.09492010308964625
2017-09-26,0.03818272969830049
2017-09-27,0.08045832069661744
2017-09-28,0.04291447182916566
2017-09-29,0.08757295143987348
2017-09-30,0.1314233301503883
2017-10-01,0.07780101132176602
2017-10-02,0.04903965657638404
2017-10-03,0.058903070955668074
2017-10-04,0.008050660526022171
2017-10-05,0.025876370332653248
2017-10-06,0.05992988894947903
2017-10-07,0.11854221254855676
2017-10-08,0.06103516611629097
2017-10-09,0.0034218080889544832
2017-10-10,0.036579020232302306
2017-10-11,0.19877797272770403
2017-10-12,0.1839812152033203
2017-10-13,0.08063868585157387
2017-10-14,0.08655077738291975
2017-10-15,0.028205541285661186
2017-10-16,0.29069803869666216
2017-10-17,0.14892087896275974
2017-10-18,0.008010905076213288
2017-10-19,0.13108868692024467
2017-10-20,0.19411852497622786
2017-10-21,0.16985670543787929
2017-10-22,0.11352700985233206
2017-10-23,0.2816528117993988
2017-10-24,0.04613181044370581
2017-10-25,0.11760724844786617
2017-10-26,0.026282387911262542
2017-10-27,0.06786727998478076
2017-10-28,0.09124438157261372
2017-10-29,0.01143364037255647
2017-10-30,0.1384769247825185
2017-10-31,0.1595652036794938
2017-11-01,0.09398541454901045
2017-11-02,0.06278650104781988
2017-11-03,0.1971140457713635
2017-11-04,0.09052027007885757
2017-11-05,0.079256352434942
2017-11-06,0.025212624579241377
2017-11-07,0.2836613201347106
2017-11-08,0.20619238690722885
2017-11-09,0.022854723455982513
2017-11-10,0.04747880830173282
2017-11-11,0.023853252341165
2017-11-12,0.1699620540699102
2017-11-13,0.0781531395553759
2017-11-14,0.006069128423111573
2017-11-15,0.04217987740093767
2017-11-16,0.0795595657572368
2017-11-17,0.023844147567800837
2017-11-18,0.1869439429510937
2017-11-19,0.0667266768121973
2017-11-20,0.13073379340429206
2017-11-21,0.09071174956382179
2017-11-22,0.061483279323638375
2017-11-23,0.0290050521176045
2017-11-24,0.03346869386272303
2017-11-25,0.16599150136562585
2017-11-26,0.16001204267787378
2017-11-27,0.03901415039353453
2017-11-28,0.07992826463520807
2017-11-29,0.04294942229862649
2017-11-30,0.06547646026768568
2017-12-01,0.10959257425783016
2017-12-02,0.09494333607641735
2017-12-03,0.06747130386087066
2017-12-04,0.5610990262469224
2017-12-05,0.40792593734444427
2017-12-06,0.36205749206277416
2017-12-07,0.41646880838692024
2017-12-08,0.024242929485938983
2017-12-09,0.09065392685289286
2017-12-10,0.21581492533758836
2017-12-11,0.19049064944212457
2017-12-12,0.0877556273409873
2017-12-13,0.006883393667626302
2017-12-14,0.08181020488462068
2017-12-15,0.15215896451568744
2017-12-16,0.003854328393027258
2017-12-17,0.1749479250305313
2017-12-18,0.057635020301779014
2017-12-19,0.2509944603986025
2017-12-20,0.21055074200695983
2017-12-21,0.0019604565761789897
2017-12-22,0.020508049643500913
2017-12-23,0.1839109858719325
2017-12-24,0.09184994601125536
2017-12-25,0.13620771714732394
2017-12-26,0.00704138198822334
2017-12-27,0.031574628774903364
2017-12-28,0.03885635295477577
2017-12-29,0.03707154368518411
2017-12-30,0.03453190453319105
2017-12-31,0.02258896894082369
2018-01-01,0.05677288833412894
2018-01-02,0.12909204484875084
2018-01-03,0.060979440794621115
2018-01-04,0.19474891805660352
2018-01-05,1.5320267307101343
2018-01-06,0.13411752248137196
2018-01-07,0.22132217488663283
2018-01-08,0.01265296716993456
2018-01-09,0.042713518170578356
2018-01-10,0.24289236136901637
2018-01-11,0.1345490777218999
2018-01-12,0.27343558853760075
2018-01-13,0.06169568490063814
2018-01-14,0.08349492658880368
2018-01-15,0.07768506143229645
2018-01-16,0.017048644964206244
2018-01-17,0.04864505765253427
2018-01-18,0.03135319707286708
2018-01-19,0.04812750572142273
2018-01-20,0.001479610873965392
2018-01-21,0.21001614299728483
2018-01-22,0.16240676113214894
2018-01-23,0.16107530677394888
2018-01-24,0.04077708512430676
2018-01-25,0.10831987356629343
2018-01-26,0.16249602545424627
2018-01-27,0.020199556528599113
2018-01-28,0.009217569424316724
2018-01-29,0.33194932860235643
2018-01-30,0.18760704887639715
2018-01-31,0.022569106078747594
2018-02-01,0.375257738618359
2018-02-02,0.12488972698343398
2018-02-03,0.17196650450370254
2018-02-04,0.00925049748880872
2018-02-05,0.0745008363440255
2018-02-06,0.04084281938678601
2018-02-07,0.04542703714427353
2018-02-08,0.0646526289476009
2018-02-09,0.08458899765017394
2018-02-10,0.04287413235275376
2018-02-11,0.08111252325918011
2018-02-12,0.0492496204562384
2018-02-13,0.04087143498918922
2018-02-14,0.03810376596362052
2018-02-15,0.041568709043582
2018-02-16,0.0011489253431664302
2018-02-17,0.01140182232494043
2018-02-18,0.05876223534588241
2018-02-19,0.13901924355961517
2018-02-20,0.01712737943440034
2018-02-21,0.043890932161824964
2018-02-22,0.0751791809873977
2018-02-23,0.052002039832532036
2018-02-24,0.029257189074834378
2018-02-25,0.13539973595350258
2018-02-26,0.060346916388753995
2018-02-27,0.006933985774128522
2018-02-28,0.12814359914832185
2018-03-01,0.08491660832626735
2018-03-02,0.10706825715428657
2018-03-03,0.20187798315824512
2018-03-04,0.060272856348765544
2018-03-05,0.13498431396680433
2018-03-06,0.07450264169495731
2018-03-07,0.087344661826464
2018-03-08,0.07133444103823602
2018-03-09,0.03294895702739891
2018-03-10,0.16682230484635047
2018-03-11,0.0670242735132262
2018-03-12,0.11248727899779545
2018-03-13,0.13972025109405922
2018-03-14,0.07549854402598885
2018-03-15,0.010515429850904805
2018-03-16,0.138480707357293
2018-03-17,0.2501837025415624
2018-03-18,0.040420331842389544
2018-03-19,0.027132003944793422
2018-03-20,0.025669699823398878
2018-03-21,0.053050439293930975
2018-03-22,0.018697298893091574
2018-03-23,0.08424717863043761
2018-03-24,0.11770412149880206
2018-03-25,0.01771210498532381
2018-03-26,0.3425946173791211
2018-03-27,0.2098694113906131
2018-03-28,0.018918414200180717
2018-03-29,0.06860252842813148
2018-03-30,0.18303026945767611
2018-03-31,0.10154863277701494
2018-04-01,0.032673454057834436
2018-04-02,0.09220724132000496
2018-04-03,0.013756838645391782
2018-04-04,0.10748956435265375
2018-04-05,0.41002606136374936
2018-04-06,0.12240222244211103
2018-04-07,0.2079104518955806
2018-04-08,0.02488269823059996
2018-04-09,0.13454112181960806
2018-04-10,0.02431594832035277
2018-04-11,0.018599869757017544
2018-04-12,0.08530149794361992
2018-04-13,0.1596075340499862
2018-04-14,0.22002407174599078
2018-04-15,0.05610754726530446
2018-04-16,0.0340198802881646
2018-04-17,0.023580146662136328
2018-04-18,0.17378481581340777
2018-04-19,0.1035641178777874
2018-04-20,0.021422388960545262
2018-04-21,0.09516466241356972
2018-04-22,0.028430533167576197
2018-04-23,0.04977579765018562
2018-04-24,0.16964770262342443
2018-04-25,0.05336717065219334
2018-04-26,0.052700074137487604
2018-04-27,0.02896874617206061
2018-04-28,0.19727233279198203
2018-04-29,0.12171160480288501
2018-04-30,0.0530957562031379
2018-05-01,0.12178079284447589
2018-05-02,0.030841096233591835
2018-05-03,0.1118328213358896
2018-05-04,0.1021594653316977
2018-05-05,0.08547154267402136
2018-05-06,0.016935814713370436
2018-05-07,0.0026676595232170957
2018-05-08,0.18873108317524412
2018-05-09,0.07108213424971921
2018-05-10,0.22465605222735252
2018-05-11,0.01768688787115177
2018-05-12,0.2821856585883221
2018-05-13,0.06949249435387596
2018-05-14,0.27661338508013333
2018-05-15,0.0008684547435989973
2018-05-16,0.0038839192149889394
2018-05-17,0.038017705942651164
2018-05-18,0.014353487069757611
2018-05-19,0.05100083735580186
2018-05-20,0.04898412313113326
2018-05-21,0.06114257040232921
2018-05-22,0.08223052731109015
2018-05-23,0.018539108396163993
2018-05-24,0.06364562160526187
2018-05-25,0.011104184090766725
2018-05-26,0.1357792257254416
2018-05-27,0.06572683209012999
2018-05-28,0.4430344123231852
2018-05-29,0.004416340534631926
2018-05-30,0.00966343711969086
2018-05-31,0.2140294363004801
2018-06-01,0.14369130759803667
2018-06-02,0.27732052454655537
2018-06-03,0.041386077218681164
2018-06-04,0.23510561092469326
2018-06-05,0.09853960444424065
2018-06-06,0.14867303833972031
2018-06-07,0.13982307019598494
2018-06-08,0.060998942806804984
2018-06-09,0.20867057236711736
2018-06-10,0.0051999825749564615
2018-06-11,0.11134353400523794
2018-06-12,0.007072542928623665
2018-06-13,0.026160028726455307
2018-06-14,0.10408291004725154
2018-06-15,0.05579201634275081
2018-06-16,0.4786336944806234
2018-06-17,0.5482244880602882
2018-06-18,0.05327518174870882
2018-06-19,0.22017429164375563
2018-06-20,0.06619771627577356
2018-06-21,0.031497242682036
2018-06-22,1.979671488905555
2018-06-23,0.6391478402703712
2018-06-24,0.15211208096476897
2018-06-25,0.03256674642524118
2018-06-26,0.23188171357720186
2018-06-27,0.036255066501035396
2018-06-28,0.0602805952131189
2018-06-29,0.03586676741698134
2018-06-30,1.8236318704964305
2018-07-01,0.7492369362904477
2018-07-02,0.4429339712426618
2018-07-03,0.04962142270187063
2018-07-04,0.28002571936904586
2018-07-05,0.17536913841460294
2018-07-06,0.4409642121700628
2018-07-07,0.1420141974256858
2018-07-08,0.409233107284559
2018-07-09,0.27415572637152313
2018-07-10,0.1744368676522343
2018-07-11,0.10642981694572139
2018-07-12,0.5318645814812836
2018-07-13,0.022533394418883457
2018-07-14,0.9324671494165132
2018-07-15,0.16404462003221787
2018-07-16,0.6150069073507012
2018-07-17,0.054638623875857086
2018-07-18,0.121674067124674
2018-07-19,0.15440754574604415
2018-07-20,0.2183113802059192
2018-07-21,0.003302783929678797
2018-07-22,0.3029006095526898
2018-07-23,0.4091764491840406
2018-07-24,0.008498384918855996
2018-07-25,0.13386797469493716
2018-07-26,0.07687393575504982
2018-07-27,0.12816511871728029
2018-07-28,0.07419258800951724
2018-07-29,0.19798758429753036
2018-07-30,0.18121394408295655
2018-07-31,0.008148640316987532
2018-08-01,2.327464438649201
2018-08-02,0.7219041640441367
2018-08-03,0.03070742536673065
2018-08-04,0.056069364768903354
2018-08-05,0.18663764081368325
2018-08-06,0.5529509538151479
2018-08-07,1.0142618357544289
2018-08-08,1.273169634061517
2018-08-09,0.07456832936581086
2018-08-10,0.3509597350284655
2018-08-11,0.569673328126241
2018-08-12,0.26016464380680593
2018-08-13,0.3496220493914616
2018-08-14,0.0835428136445471
2018-08-15,0.06226424137622409
2018-08-16,0.16032070900760392
2018-08-17,2.1024902841476263
2018-08-18,0.5890676648933656
2018-08-19,0.10873292499052724
2018-08-20,0.1346955691064037
2018-08-21,0.049894044425511916
2018-08-22,0.3045184252187529
2018-08-23,0.1743869806279372
2018-08-24,0.5301807696091171
2018-08-25,0.46848259827301486
2018-08-26,0.40930906337567025
2018-08-27,0.23092553451394662
2018-08-28,0.03402438933405693
2018-08-29,0.34988651698123757
2018-08-30,0.21578326323250988
2018-08-31,0.06342554591505732
2018-09-01,0.234134283861498
2018-09-02,0.06939631125476917
2018-09-03,0.17848862743496416
2018-09-04,0.14648530813228663
2018-09-05,0.09211643840085317
2018-09-06,0.18607565988388813
2018-09-07,0.014563080098148952
2018-09-08,0.17423086341946223
2018-09-09,0.030531601895846097
2018-09-10,0.07292870908390606
2018-09-11,0.165748116441554
2018-09-12,0.031887950996249116
2018-09-13,0.028588604471499284
2018-09-14,0.1201394477811774
2018-09-15,0.09448729658765312
2018-09-16,0.007572111960623524
2018-09-17,0.17060868131762535
2018-09-18,0.6357608674512122
2018-09-19,0.21151035241492933
2018-09-20,0.20021009196108008
2018-09-21,0.14780674709169309
2018-09-22,0.208985281561081
2018-09-23,0.08930044647467641
2018-09-24,0.2813647066012228
2018-09-25,0.007924094515510651
2018-09-26,0.03696534189367586
2018-09-27,0.024451062483165233
2018-09-28,0.08326034958334155
2018-09-29,0.20599128545766515
2018-09-30,0.24313072592749352
2018-10-01,0.14403202507619622
2018-10-02,0.004955381404496262
2018-10-03,0.3039766451656523
2018-10-04,0.0004065630759826629
2018-10-05,0.02371532799292627
2018-10-06,0.30457445078445117
2018-10-07,0.24730421666704505
2018-10-08,0.238529482224288
2018-10-09,0.10922863524233936
2018-10-10,0.22400525150114622
2018-10-11,0.03196476914939658
2018-10-12,0.9034707966185764
2018-10-13,0.6040700067525677
2018-10-14,0.011132957162423272
2018-10-15,0.33316815693726065
2018-10-16,0.18518454874055332
2018-10-17,0.05555833126167112
2018-10-18,0.02179172463925941
2018-10-19,0.04195165636345036
2018-10-20,0.030098022784967635
2018-10-21,0.09472483229610455
2018-10-22,0.0940688965181669
2018-10-23,0.10329232273417582
2018-10-24,0.044867200302309354
2018-10-25,0.05545255360796213
2018-10-26,0.02515595419844991
2018-10-27,0.1388926675995915
2018-10-28,0.08321572710001293
2018-10-29,0.152973877909443
2018-10-30,0.0011883766928048795
2018-10-31,0.0014316810833933866
2018-11-01,0.04711401662139468
2018-11-02,0.06906313625579621
2018-11-03,0.06339337672524388
2018-11-04,0.1908289931259992
2018-11-05,0.28205124878259585
2018-11-06,0.03487312543586415
2018-11-07,0.057483293821022526
2018-11-08,0.15640049258097335
2018-11-09,0.16617785596675186
2018-11-10,0.23624580201449433
2018-11-11,0.11714712740157666
2018-11-12,0.3526968667928918
2018-11-13,0.04809088319977884
2018-11-14,0.15651088514256434
2018-11-15,0.06078816167148447
2018-11-16,0.1274127824422585
2018-11-17,0.1765148093323206
2018-11-18,0.12208644302678712
2018-11-19,0.14314495485835724
2018-11-20,0.05476143139467018
2018-11-21,0.14982337180575464
2018-11-22,0.017175216541842023
2018-11-23,0.05332411553368429
2018-11-24,0.024504126342517016
2018-11-25,0.05740288047613853
2018-11-26,0.0008274586565968342
2018-11-27,0.10072746592502896
2018-11-28,0.11022743566846006
2018-11-29,0.2487728523500331
2018-11-30,0.1133498878587805
2018-12-01,0.23360720078593722
2018-12-02,0.0930656580135625
2018-12-03,0.10207376409361181
2018-12-04,0.009182116410035905
2018-12-05,0.029942558330738406
2018-12-06,0.07602957021293569
2018-12-07,0.014168611094315482
2018-12-08,0.25664100750241825
2018-12-09,0.028306860302329758
2018-12-10,0.1633554694877375
2018-12-11,0.061460323124324215
2018-12-12,0.022962069292490367
2018-12-13,0.21800289536446676
2018-12-14,0.6569408537549022
2018-12-15,0.5630201722762427
2018-12-16,0.07642818102123809
2018-12-17,0.1736480079289418
2018-12-18,1.2912196765673327
2018-12-19,0.49805704118360017
2018-12-20,0.007283392945606471
2018-12-21,0.0023355053189200075
2018-12-22,0.11360967572605506
2018-12-23,0.04287678250047209
2018-12-24,0.1358229561693059
2018-12-25,0.11098700521245591
2018-12-26,0.6577696556811539
2018-12-27,0.4472303666307775
2018-12-28,0.045865738425782836
2018-12-29,0.08246210725967099
2018-12-30,0.22021702592036657
2018-12-31,0.1261949148651108
2019-01-01,0.03514382274626573
2019-01-02,0.056683931243489735
2019-01-03,0.06086712855740733
2019-01-04,0.11828218164865935
2019-01-05,0.6989468175326865
2019-01-06,0.4426434780698151
2019-01-07,0.16986352394159698
2019-01-08,0.13022662975746013
2019-01-09,0.011192975040123131
2019-01-10,0.13596350237892627
2019-01-11,0.11280838383280768
2019-01-12,0.10629682110756243
2019-01-13,0.009578634902931947
2019-01-14,0.5594061428346843
2019-01-15,0.04044977820602554
2019-01-16,0.12095161549278143
2019-01-17,0.3388628844363888
2019-01-18,0.055101830753274045
2019-01-19,0.13642376528934375
2019-01-20,0.003187428111244181
2019-01-21,0.0952351526621147
2019-01-22,0.36807080435410555
2019-01-23,0.28298235100523045
2019-01-24,0.08154373108691249
2019-01-25,0.03727875285345845
2019-01-26,0.08954353063875552
2019-01-27,0.06563437289335886
2019-01-28,0.29055828516651167
2019-01-29,0.1823903742212021
2019-01-30,0.04927610936817154
2019-01-31,0.08872150921047202
2019-02-01,0.06864254069865819
2019-02-02,0.09324018641915677
2019-02-03,0.030257638649222256
2019-02-04,0.038215715397196336
2019-02-05,0.04229539102959432
2019-02-06,3.914647489061929e-06
2019-02-07,0.11626955403992406
2019-02-08,0.05310608453785934
2019-02-09,0.06910739208981749
2019-02-10,0.03680958788933171
2019-02-11,0.08801542599147882
2019-02-12,0.06906077990797954
2019-02-13,0.05385244122399459
2019-02-14,0.39633855645837157
2019-02-15,0.22951823292717513
2019-02-16,0.0842758257792294
2019-02-17,0.01834642730423974
2019-02-18,0.2425114717394407
2019-02-19,20.87301162983275
2019-02-20,0.9569445879490304
2019-02-21,0.049191546519290294
2019-02-22,0.025695727080665386
2019-02-23,0.05862714021592865
2019-02-24,0.15761304197050274
2019-02-25,0.04732610348319835
2019-02-26,0.023199027133474225
2019-02-27,0.0620838394352845
2019-02-28,0.1530526535445544
2019-03-01,0.3111599788157269
2019-03-02,0.06322377492013095
2019-03-03,0.007563443119179948
2019-03-04,0.05009503187821342
2019-03-05,0.06559067730732493
2019-03-06,0.04068204380466383
2019-03-07,0.02172164496960137
2019-03-08,0.01902436507034919
2019-03-09,0.11293912370084766
2019-03-10,0.012460554537452049
2019-03-11,0.03125342911745606
2019-03-12,0.019733167330613338
2019-03-13,0.04359642541867676
2019-03-14,0.05570645852440919
2019-03-15,0.0033021629390842036
2019-03-16,0.05743016565465805
2019-03-17,0.4039133593349698
2019-03-18,12.437201586418404
2019-03-19,0.9330409761415425
2019-03-20,0.0714179906111393
2019-03-21,0.14168620692434422
2019-03-22,0.09495667904202713
2019-03-23,0.12638415437166672
2019-03-24,0.0008769108159401599
2019-03-25,0.1404643160906367
2019-03-26,0.04067939685207723
2019-03-27,0.04112865240703531
2019-03-28,0.1029453818518196
2019-03-29,0.031074253320197264
2019-03-30,0.17195912623651205
2019-03-31,0.013914275551557206
2019-04-01,0.18889355186086232
2019-04-02,0.10395561334889387
2019-04-03,0.21112574159440467
2019-04-04,0.1825979142032961
2019-04-05,0.1366443586429661
2019-04-06,0.0915981723196911
2019-04-07,0.05329136043934204
2019-04-08,0.10634516866387361
2019-04-09,0.03971256782737452
2019-04-10,0.26728262255322377
2019-04-11,0.18079793800062496
2019-04-12,0.06607101052093023
2019-04-13,0.087441403419167
2019-04-14,0.02478111704364382
2019-04-15,0.021982062918159597
2019-04-16,0.015775637759635742
2019-04-17,0.04524382819149816
2019-04-18,0.05859754640320499
2019-04-19,0.07513700595622178
2019-04-20,0.1855632811969583
2019-04-21,0.05742812780649994
2019-04-22,0.13056959420828715
2019-04-23,0.04459182782858363
2019-04-24,0.08164623794561582
2019-04-25,0.13289247290823708
2019-04-26,0.14889328516719144
2019-04-27,0.2035926823185466
2019-04-28,0.0242686718315237
2019-04-29,0.10183093541993869
2019-04-30,0.02285757595540796
2019-05-01,0.03292694057149205
2019-05-02,3.136376211853798
2019-05-03,0.7283353735656407
2019-05-04,0.08224327525950652
2019-05-05,0.03908862973362622
2019-05-06,0.09194075556313928
2019-05-07,0.18814743316028337
2019-05-08,0.1266967846547483
2019-05-09,0.03200489074029254
2019-05-10,0.07063696834056536
2019-05-11,0.04239066531048227
2019-05-12,0.00640480370922387
2019-05-13,0.26343166879693125
2019-05-14,0.025621959477916883
2019-05-15,0.2201598177751287
2019-05-16,0.2906344954734838
2019-05-17,0.13295160759515343
2019-05-18,0.19237507106407647
2019-05-19,0.04505670443758877
2019-05-20,0.10519331973360814
2019-05-21,0.16581148189891684
2019-05-22,0.2694570143854055
2019-05-23,0.11984821378957412
2019-05-24,0.04082709036472805
2019-05-25,0.19407076408715113
2019-05-26,0.11057238321554272
2019-05-27,0.3626451363106012
2019-05-28,0.027877939122676963
2019-05-29,0.09851265742282973
2019-05-30,0.04534277397862045
2019-05-31,0.08568166400215986
2019-06-01,0.1494120510602124
2019-06-02,0.19736345857751328
2019-06-03,0.25860980152426877
2019-06-04,0.05099481483700896
2019-06-05,0.02721199999830308
2019-06-06,0.13230913486180862
2019-06-07,0.060524294368826934
2019-06-08,0.3182952232320135
2019-06-09,0.34104657703233815
2019-06-10,0.5942258200794285
2019-06-11,0.1846326494891022
2019-06-12,0.30045555645611205
2019-06-13,0.16757094679452014
2019-06-14,0.16074168232014102
2019-06-15,0.14804259007397566
2019-06-16,0.29484525655037686
2019-06-17,0.5354560304483762
2019-06-18,0.21588867853126179
2019-06-19,0.07135330091201461
2019-06-20,0.26549722624838384
2019-06-21,0.31498512371927573
2019-06-22,0.004041195969783086
2019-06-23,0.013358920721464594
2019-06-24,0.11152816571133166
2019-06-25,0.28575924507083245
2019-06-26,0.011729151121923742
2019-06-27,0.1267448870233773
2019-06-28,0.1314593075769232
2019-06-29,0.1607620067615695
2019-06-30,0.07871015944796479
2019-07-01,0.20836289455439552
2019-07-02,0.19353734121837463
2019-07-03,0.1433491778355969
2019-07-04,0.08278984973255042
2019-07-05,0.21215750425396185
2019-07-06,0.05639701921211859
2019-07-07,0.211768209834554
2019-07-08,0.3812982223757995
2019-07-09,0.13081913023374023
2019-07-10,0.07897023290500749
2019-07-11,0.4349303209367123
2019-07-12,0.21478732317574303
2019-07-13,0.1589736271408858
2019-07-14,0.2480205286762435
2019-07-15,0.010341465211107691
2019-07-16,0.533423787217033
2019-07-17,0.13737755013078512
2019-07-18,0.30852636655323257
2019-07-19,0.314748518535601
2019-07-20,0.3175320185536003
2019-07-21,0.05402056170094235
2019-07-22,0.026993077982305252
2019-07-23,0.10772423150366309
2019-07-24,0.3987481973660807
2019-07-25,0.046891853706258986
2019-07-26,0.28405826524588607
2019-07-27,0.06936915804136852
2019-07-28,0.09206187565590274
2019-07-29,0.1428778334617396
2019-07-30,0.04710586104249604
2019-07-31,0.011818969321400743
2019-08-01,0.3949039614281512
2019-08-02,0.19096034091097258
2019-08-03,0.18846491204359986
2019-08-04,0.4091334738294804
2019-08-05,0.1730205927150969
2019-08-06,0.003698422383561995
2019-08-07,0.03509956942187083
2019-08-08,0.1036751321068681
2019-08-09,0.025266876596019467
2019-08-10,0.08101630060554413
2019-08-11,0.049386635168396954
2019-08-12,0.11007331960949336
2019-08-13,0.46287150872561583
2019-08-14,0.3565912954155079
2019-08-15,0.16696519786760408
2019-08-16,0.1436924653510092
2019-08-17,0.12761356039466829
2019-08-18,0.04402173298676117
2019-08-19,0.2506359617847606
2019-08-20,0.004924482641900673
2019-08-21,0.17518385658345842
2019-08-22,0.0872907650494627
2019-08-23,0.05729228522905229
2019-08-24,0.06932903414922108
2019-08-25,0.06988110587969508
2019-08-26,0.2362430718294095
2019-08-27,0.14326763799370743
2019-08-28,0.0030322351377227363
2019-08-29,0.01937785307011364
2019-08-30,0.01929357463491335
2019-08-31,0.0409516933162036
2019-09-01,0.046574367945572605
2019-09-02,0.08069501600186098
2019-09-03,0.06299467492138083
2019-09-04,0.008283554762768106
2019-09-05,0.25252564110491826
2019-09-06,0.0014092887219116516
2019-09-07,0.047141265681652764
2019-09-08,0.05052969203360339
2019-09-09,0.10597989576492402
2019-09-10,0.06907856099348668
2019-09-11,0.025338221997995014
2019-09-12,0.07121866534079334
2019-09-13,0.03812676934920809
2019-09-14,0.03796221873416997
2019-09-15,0.025854420758721075
2019-09-16,0.02610194570825688
2019-09-17,0.15681361854963916
2019-09-18,0.07544828927934731
2019-09-19,0.04893726058050585
2019-09-20,0.04172934672657133
2019-09-21,0.18871452975928824
2019-09-22,0.10964680470399311
2019-09-23,0.2256602016665392
2019-09-24,0.14765459947262563
2019-09-25,0.19022150956822076
2019-09-26,0.28035729423861727
2019-09-27,0.018702351551748406
2019-09-28,0.10814800551997757
2019-09-29,0.041540915622636974
2019-09-30,0.07705809353496008
2019-10-01,0.31825026937275497
2019-10-02,0.0005713262526403809
2019-10-03,0.11041957277343184
2019-10-04,0.012424660528288292
2019-10-05,0.07897378626400949
2019-10-06,0.09436194479434587
2019-10-07,0.058356860868521925
2019-10-08,0.008147218619104772
2019-10-09,0.1457385738602662
2019-10-10,0.06527061533227946
2019-10-11,0.029773568177554225
2019-10-12,0.05425071088274554
2019-10-13,0.04664488653036043
2019-10-14,0.0003486827532075971
2019-10-15,0.007165451738693957
2019-10-16,0.04372699157826253
2019-10-17,0.02340649666152484
2019-10-18,0.013057383614143655
2019-10-19,0.008010301772860636
2019-10-20,0.09858641694328076
2019-10-21,0.019484087188517026
2019-10-22,0.07060670195946614
2019-10-23,0.15127777400445666
2019-10-24,0.19016422033045707
2019-10-25,0.05078647403684054
2019-10-26,0.001157151074531732
2019-10-27,0.08378440162143518
2019-10-28,0.09551358000002624
2019-10-29,0.0131850633226485
2019-10-30,0.007180375372239462
2019-10-31,0.010519837657654792
2019-11-01,0.03944190574731678
2019-11-02,0.07241661260774312
2019-11-03,0.024656422300772623
2019-11-04,0.03356908218635474
2019-11-05,0.04077144089636268
2019-11-06,0.04017783288454244
2019-11-07,0.23866052276844352
2019-11-08,0.17795840817334607
2019-11-09,0.01352313149375005
2019-11-10,0.031159243643516285
2019-11-11,0.06311170164316857
2019-11-12,0.01604662107281379
2019-11-13,0.028533585018786757
2019-11-14,0.06998071753176767
2019-11-15,0.09766216264054257
2019-11-16,0.09189950699787622
2019-11-17,0.038055620904466646
2019-11-18,0.5893088112343936
2019-11-19,0.3395134686890404
2019-11-20,0.0535514547079332
2019-11-21,0.18533839554568093
2019-11-22,0.33899470600911114
2019-11-23,0.43566862500137354
2019-11-24,0.02141116379829263
2019-11-25,0.46256374239019504
2019-11-26,0.18896591393432766
2019-11-27,0.1140082081463437
2019-11-28,0.010806553747123616
2019-11-29,0.0794104414675395
2019-11-30,0.02125846732718928
2019-12-01,0.22686318399705233
2019-12-02,0.05836075791223815
2019-12-03,0.08081969556629656
2019-12-04,0.0003659085401501908
2019-12-05,0.04975220812731375
2019-12-06,0.013196648926570988
2019-12-07,0.09848496070305607
2019-12-08,0.20781362642260576
2019-12-09,0.2044400946036734
2019-12-10,0.05270636611752382
2019-12-11,0.08172080809635132
2019-12-12,0.08333657575488577
2019-12-13,0.00567907502253659
2019-12-14,0.031249853443240588
2019-12-15,0.06265986711788082
2019-12-16,0.0960901108445535
2019-12-17,0.1374414388729486
2019-12-18,0.07145303033189485
2019-12-19,0.228545976740284
2019-12-20,0.01859417892821499
2019-12-21,0.10828351322030066
2019-12-22,0.047403410579304354
2019-12-23,0.152635111162656
2019-12-24,0.07694903238216774
2019-12-25,0.015376379606665115
2019-12-26,0.0005903674395179941
2019-12-27,0.014291903640065653
2019-12-28,0.02279591029007536
2019-12-29,0.04867091757991886
2019-12-30,0.06559533939756769
2019-12-31,0.17042848734425173
2020-01-01,0.1687518368033901
2020-01-02,0.09411268689775952
2020-01-03,0.08788194514502941
2020-01-04,0.1591830653328313
2020-01-05,0.010246700692030902
2020-01-06,0.1263456306240507
2020-01-07,0.047357511266003516
2020-01-08,0.08831151184981577
2020-01-09,0.04567365317962265
2020-01-10,0.13207103817628663
2020-01-11,0.09309970297218356
2020-01-12,0.021808606747861614
2020-01-13,0.012884618241497874
2020-01-14,0.42342318406772644
2020-01-15,0.2906968497718476
2020-01-16,0.1143548520351325
2020-01-17,0.07765230326057736
2020-01-18,0.014588698078241787
2020-01-19,0.041669700090664286
2020-01-20,0.07158050822154294
2020-01-21,0.010577957680834773
2020-01-22,0.043536575296258664
2020-01-23,0.09873082585284262
2020-01-24,0.07348147485074924
2020-01-25,0.09475615826117431
2020-01-26,0.025835713532442198
2020-01-27,0.17568168902329487
2020-01-28,0.018249315423592812
2020-01-29,0.012678738376816882
2020-01-30,0.05995377073742026
2020-01-31,0.011470709536560444
2020-02-01,0.02772917015801836
2020-02-02,0.017434124509345655
2020-02-03,0.08638030773947204
2020-02-04,0.1897167428012142
2020-02-05,0.060291628977252085
2020-02-06,0.04600866033202187
2020-02-07,0.008737178575947746
2020-02-08,0.10783833439517763
2020-02-09,0.038624781632214764
2020-02-10,0.011085049788956951
2020-02-11,0.014062287340045445
2020-02-12,0.13546943678260612
2020-02-13,0.044774038901263226
2020-02-14,0.0498092899288455
2020-02-15,0.0394719449593784
2020-02-16,0.04282600848420193
2020-02-17,0.04642878495184944
2020-02-18,0.06541469185976095
2020-02-19,0.0799982988092637
2020-02-20,0.006157445156519666
2020-02-21,0.2093029342540493
2020-02-22,0.09131724719082256
2020-02-23,0.25055331403682063
2020-02-24,0.06569215099264299
2020-02-25,0.03434234088981108
2020-02-26,0.22225114373243665
2020-02-27,0.16970458114247763
2020-02-28,0.00610095240906986
2020-02-29,0.1520425815412329
2020-03-01,0.036723223914795
2020-03-02,0.02949847682026083
2020-03-03,0.06460119126251462
2020-03-04,0.018953495160675515
2020-03-05,0.055439962576234965
2020-03-06,0.02755913328441792
2020-03-07,0.019021348281809503
2020-03-08,0.18573004947936236
2020-03-09,0.08988363865386181
2020-03-10,0.18818535476706072
2020-03-11,0.11763669544146947
2020-03-12,5.046367577295966
2020-03-13,0.08803969441639378
2020-03-14,0.8034180052458019
2020-03-15,0.1378933427300326
2020-03-16,1.0685459305937237
2020-03-17,0.3696119897526907
2020-03-18,0.16143625590915614
2020-03-19,0.16644484370645965
2020-03-20,0.10707794641343923
2020-03-21,0.24117563186955024
2020-03-22,0.042498124479841685
2020-03-23,0.11769149173920183
2020-03-24,0.0537802669832453
2020-03-25,0.005064068100029752
2020-03-26,0.05335863118986178
2020-03-27,0.03654575749663632
2020-03-28,0.09030283666299063
2020-03-29,0.034474314429311786
2020-03-30,0.07844650017908888
2020-03-31,0.09948828771793507
2020-04-01,0.069530031545794
2020-04-02,0.07669697273206517
2020-04-03,0.041588008296627996
2020-04-04,0.1516711611445433
2020-04-05,0.020844267842465448
2020-04-06,0.3804008620132551
2020-04-07,0.09542816644476547
2020-04-08,0.11041950021482337
2020-04-09,0.06051486933176286
2020-04-10,0.0006623898259987937
2020-04-11,0.07673965235721206
2020-04-12,0.13480943173592883
2020-04-13,0.21829086357987318
2020-04-14,0.030202080589993636
2020-04-15,0.054066738307562735
2020-04-16,0.2947347591149672
2020-04-17,0.18695457073389174
2020-04-18,0.03695636734733045
2020-04-19,0.05270337393059456
2020-04-20,0.14451472726476844
2020-04-21,0.014569381510461313
2020-04-22,0.015803731692988498
2020-04-23,0.012647691896578777
2020-04-24,0.04175679700994031
2020-04-25,0.08948155105275545
2020-04-26,0.07186431906851908
2020-04-27,0.035599830540768325
2020-04-28,0.0621767321673363
2020-04-29,0.41368097206274085
2020-04-30,0.29138332068328365
2020-05-01,0.4171750695784394
2020-05-02,0.17994585302384342
2020-05-03,0.09938578832548836
2020-05-04,0.19660895983761215
2020-05-05,0.03466066704193071
2020-05-06,0.15681259506719972
2020-05-07,0.16357958579862303
2020-05-08,0.013709072729656262
2020-05-09,0.133989322791219
2020-05-10,0.71167326030865
2020-05-11,0.21256885036475648
2020-05-12,0.12672753932413364
2020-05-13,0.2185031413063483
2020-05-14,0.24666517829435225
2020-05-15,0.22171533983808214
2020-05-16,0.20384167844952775
2020-05-17,0.06385116470971464
2020-05-18,0.34698844076952984
2020-05-19,0.08951927947298854
2020-05-20,0.09837923150891403
2020-05-21,0.3380042595146056
2020-05-22,0.2835140162249903
2020-05-23,0.3665468061752288
2020-05-24,0.30979010556800657
2020-05-25,0.3117875420859737
2020-05-26,0.006148882927153171
2020-05-27,0.13119569397652073
2020-05-28,0.07185479278233034
2020-05-29,0.11990424668416125
2020-05-30,0.03786310940328028
2020-05-31,0.15667723163631783
2020-06-01,0.14069629385110122
2020-06-02,0.13076925729908653
2020-06-03,0.18691832828267582
2020-06-04,0.0711601528272379
2020-06-05,0.011593737582324945
2020-06-06,0.2003508113116601
2020-06-07,0.05335720498903304
2020-06-08,0.01808795166192962
2020-06-09,0.1025588194599063
2020-06-10,14.614099470828469
2020-06-11,0.21968933493803044
2020-06-12,0.9498152127321845
2020-06-13,0.17516165402809966
2020-06-14,0.17520624403947688
2020-06-15,0.7849654576698455
2020-06-16,0.0628391340034997
2020-06-17,0.036897582650199816
2020-06-18,0.08575605082436397
2020-06-19,0.024490014360333313
2020-06-20,0.249266659705626
2020-06-21,0.013006153836348048
2020-06-22,0.3796452269041925
2020-06-23,0.10140517454839137
2020-06-24,0.024145992621278145
2020-06-25,0.08616895414110234
2020-06-26,0.10330971318139169
2020-06-27,0.03685133573413435
2020-06-28,0.04600605775010361
2020-06-29,0.12755931685670388
2020-06-30,0.32214638889629577
2020-07-01,0.09437980443321368
2020-07-02,0.10040419693907097
2020-07-03,0.05019383816861455
2020-07-04,0.25644401223137053
2020-07-05,0.04849783884285569
2020-07-06,0.2774512711622108
2020-07-07,0.011609619088195976
2020-07-08,0.273458051690782
2020-07-09,0.08860459734536935
2020-07-10,0.18620560828154545
2020-07-11,0.1268748372453602
2020-07-12,0.04890469011558772
2020-07-13,0.5882895364032596
2020-07-14,0.1296994094584676
2020-07-15,0.16315750787492994
2020-07-16,0.08040288772069805
2020-07-17,0.044579988510013414
2020-07-18,0.12991042862729185
2020-07-19,0.07802432755367772
2020-07-20,0.2916687362055914
2020-07-21,0.07581300162389477
2020-07-22,0.04667984969799649
2020-07-23,0.1270492028602746
2020-07-24,0.06275769224971961
2020-07-25,0.07600391674461839
2020-07-26,0.11378197515243607
2020-07-27,0.32637792203026944
2020-07-28,0.2584923268420067
2020-07-29,0.037218904106398186
2020-07-30,0.03684518233010259
2020-07-31,0.1020768251812486
2020-08-01,0.1908320100722617
2020-08-02,0.24836360361035123
2020-08-03,0.12200016469874844
2020-08-04,0.14538984973572944
2020-08-05,0.07751314316821047
2020-08-06,0.0914663015341026
2020-08-07,0.24748343713779028
2020-08-08,0.0906591155535623
2020-08-09,0.1352849536212735
2020-08-10,0.5258679872748202
2020-08-11,0.10052809985517831
2020-08-12,0.7176817723487866
2020-08-13,0.17864087357219088
2020-08-14,0.18605594423128113
2020-08-15,0.43483973865125536
2020-08-16,0.147378742654063
2020-08-17,0.11801368863080235
2020-08-18,0.14720069870245467
2020-08-19,0.04333599019871354
2020-08-20,0.15815586872853332
2020-08-21,0.3893269934493169
2020-08-22,0.3362112242171245
2020-08-23,0.19794644116254953
2020-08-24,0.14824992611424725
2020-08-25,0.11930227906806959
2020-08-26,0.15926976735772128
2020-08-27,0.05072993303092796
2020-08-28,0.04844144358014662
2020-08-29,0.10549405567647586
2020-08-30,1.059113503125742
2020-08-31,0.11432415716290323
2020-09-01,0.8886017024745635
2020-09-02,0.07658220219312047
2020-09-03,0.18489090446958287
2020-09-04,0.40640819182754645
2020-09-05,0.1907844420893716
2020-09-06,0.5318901751782641
2020-09-07,0.13009136527655007
2020-09-08,0.07868916356167108
2020-09-09,0.16107211127308
2020-09-10,0.4882115033704278
2020-09-11,0.1789285662476961
2020-09-12,0.2705125149497368
2020-09-13,0.12225167973391791
2020-09-14,0.6551511883719311
2020-09-15,0.06419594878988161
2020-09-16,0.18087983092485982
2020-09-17,2.518130877997596
2020-09-18,0.4077345186981361
2020-09-19,0.45293012811832833
2020-09-20,0.23766353442585242
2020-09-21,0.3312327210343288
2020-09-22,0.09902915396447068
2020-09-23,0.1916587846744601
2020-09-24,0.15237088489525094
2020-09-25,0.05990875164824769
2020-09-26,0.1865951721374811
2020-09-27,0.030210302457216787
2020-09-28,0.41762970381646436
2020-09-29,0.2617923176705427
2020-09-30,0.22111366374013341
2020-10-01,0.15994459019015636
2020-10-02,0.06837797079271304
2020-10-03,0.15011996979933898
2020-10-04,0.0411136699800996
2020-10-05,0.09274345558333003
2020-10-06,0.204330080380466
2020-10-07,0.2129460661641986
2020-10-08,0.0132912033547362
2020-10-09,0.07722607391021702
2020-10-10,0.2014009914022342
2020-10-11,0.22654243053033998
2020-10-12,0.5318756849931293
2020-10-13,0.012929218485063442
2020-10-14,0.007497744009736084
2020-10-15,0.019356017200187998
2020-10-16,0.14978467177403976
2020-10-17,0.4245637932648196
2020-10-18,0.1072263508488198
2020-10-19,0.41535126008810164
2020-10-20,0.08901302273947602
2020-10-21,0.19766817052182578
2020-10-22,0.1464930409357099
2020-10-23,0.07626739901557
2020-10-24,0.4493471009288392
2020-10-25,0.026279975251866844
2020-10-26,0.6931871024783129
2020-10-27,0.2237647393673744
2020-10-28,0.4859478723824967
2020-10-29,0.06338813234156546
2020-10-30,0.07724172355968723
2020-10-31,0.3554826162622191
2020-11-01,0.16812697439415403
2020-11-02,0.7538020540772604
2020-11-03,0.2445026171606657
2020-11-04,0.17924048974093792
2020-11-05,0.3634318831863068
2020-11-06,0.18653484064474418
2020-11-07,0.06768805385132738
2020-11-08,0.474496934655115
2020-11-09,0.4703239239517558
2020-11-10,0.16336059735680633
2020-11-11,0.047973420707637694
2020-11-12,0.11366395817377528
2020-11-13,0.06158942761141685
2020-11-14,0.37009009506939655
2020-11-15,0.00010290119365481916
2020-11-16,0.38911804328662325
2020-11-17,0.560175189981195
2020-11-18,0.07383730189903481
2020-11-19,0.4180774238400941
2020-11-20,0.4611430611173082
2020-11-21,0.029054832900733546
2020-11-22,0.05538238093898659
2020-11-23,0.22144648957083327
2020-11-24,0.2229173001765163
2020-11-25,0.3479888253331781
2020-11-26,1.3340376913205885
2020-11-27,0.6830667336414749
2020-11-28,0.22543511918861128
2020-11-29,0.12019772677189187
2020-11-30,1.5660162387004988
2020-12-01,0.10415355261468177
2020-12-02,0.49527564564962157
2020-12-03,0.06885058060888377
2020-12-04,0.15060335392262253
2020-12-05,0.31192637869949996
2020-12-06,0.021203513043761956
2020-12-07,0.3747270527148823
2020-12-08,0.2859969339286665
2020-12-09,0.013365546077739071
2020-12-10,0.1390952672673106
2020-12-11,0.13235769785122667
2020-12-12,0.3278979827048674
2020-12-13,0.06314252897771179
2020-12-14,0.399119491282661
2020-12-15,0.32841085250946955
2020-12-16,0.011342257694109624
2020-12-17,0.6604676799738083
2020-12-18,0.46550216082118995
2020-12-19,0.05434293211574518
2020-12-20,0.3654267210295218
2020-12-21,0.7967723693774567
2020-12-22,0.1680675524882499
2020-12-23,0.628150168420429
2020-12-24,0.17236532838281482
2020-12-25,0.022413012553973145
2020-12-26,0.2752425705277912
2020-12-27,0.4845166115183974
2020-12-28,0.1574501648655122
2020-12-29,0.1586944350124426
2020-12-30,0.18285364001840185
2020-12-31,0.12455013349342989
2021-01-01,0.33092686352854456
2021-01-02,0.5415426086580364
2021-01-03,0.6611959278252493
2021-01-04,0.5213349730987105
2021-01-05,0.467262562561441
2021-01-06,0.09434931638165749
2021-01-07,0.06442085002634597
2021-01-08,0.049686510856293935
2021-01-09,0.3378219131229425
2021-01-10,0.05674687983432963
2021-01-11,1.7267589169679425
2021-01-12,0.634434771555553
2021-01-13,0.2193021721174465
2021-01-14,0.2580400329105607
2021-01-15,0.10290581937351155
2021-01-16,0.1391020375736936
2021-01-17,0.2127279805696836
2021-01-18,0.17839432700866747
2021-01-19,0.33981126100656844
2021-01-20,0.17224464814429916
2021-01-21,0.44973791955543785
2021-01-22,0.08725476182508854
2021-01-23,0.39083868512083314
2021-01-24,0.011418652771793865
2021-01-25,0.33381501784914114
2021-01-26,0.21275024080303984
2021-01-27,0.17436833779029698
2021-01-28,0.05190183514303667
2021-01-29,0.48419998307729295
2021-01-30,0.1949872051464285
2021-01-31,0.13694638575057355
2021-02-01,0.19315750340244736
2021-02-02,0.14351934254613297
2021-02-03,0.01293039193485945
2021-02-04,0.34113687660950315
2021-02-05,0.08472146285064769
2021-02-06,0.288080262596389
2021-02-07,0.10894174381831623
2021-02-08,0.329893557072201
2021-02-09,0.0972278898381437
2021-02-10,0.0877020473760295
2021-02-11,0.17777466385008017
2021-02-12,0.0277757270363773
2021-02-13,0.04849634496742156
2021-02-14,0.20338260746525008
2021-02-15,0.18821327121228626
2021-02-16,0.03175328797358306
2021-02-17,0.0018091078951643004
2021-02-18,0.05615202639190103
2021-02-19,0.016922092964985317
2021-02-20,0.08244901336579846
2021-02-21,0.28066449213682176
2021-02-22,0.8809002302550767
2021-02-23,0.3708357399492585
2021-02-24,0.43784847537304367
2021-02-25,0.21432902558169964
2021-02-26,0.04028082002492195
2021-02-27,0.2523137616039072
2021-02-28,0.005184721399092535
2021-03-01,0.006343186520236714
2021-03-02,0.05342326366456715
2021-03-03,0.048429678941968264
2021-03-04,0.13892250408121984
2021-03-05,0.221695330919751
2021-03-06,0.28007911239511296
2021-03-07,0.3354004995880595
2021-03-08,0.035381071124415193
2021-03-09,0.023553865368062966
2021-03-10,0.044493261253005345
2021-03-11,0.014137763427739187
2021-03-12,0.2989316179468246
2021-03-13,0.05300948759564016
2021-03-14,0.08363521589531912
2021-03-15,0.2709759033362742
2021-03-16,0.00402315102609884
2021-03-17,0.02703438344602102
2021-03-18,0.08370170992545257
2021-03-19,0.10575775505759775
2021-03-20,0.11131757570474128
2021-03-21,0.0214959108240464
2021-03-22,0.3578284894376185
2021-03-23,0.12599904980385668
2021-03-24,0.07752344069076178
2021-03-25,0.01423690761924268
2021-03-26,0.18877246416752305
2021-03-27,0.18207982353284288
2021-03-28,0.04426113438180881
2021-03-29,0.21272127721483006
2021-03-30,0.11183311410568876
2021-03-31,0.2604222532736995
2021-04-01,0.09020299647067796
2021-04-02,0.02938850785003143
2021-04-03,0.21568759117334954
2021-04-04,0.23294098305825256
2021-04-05,0.3280623970226812
2021-04-06,0.03004519565934824
2021-04-07,0.0024923149807640757
2021-04-08,0.1901057041041076
2021-04-09,0.044871722792044794
2021-04-10,0.1717096697299827
2021-04-11,0.13425257460794834
2021-04-12,0.28221332539239874
2021-04-13,0.1005515639531917
2021-04-14,0.14538195951046337
2021-04-15,0.23768501031230388
2021-04-16,0.7502152889519781
2021-04-17,0.21126554240815887
2021-04-18,0.17393418106579706
2021-04-19,0.1505251587782477
2021-04-20,0.35604302677612415
2021-04-21,0.3735629455645092
2021-04-22,0.15817990772379611
2021-04-23,0.11279335208624018
2021-04-24,0.45539619088106914
2021-04-25,0.1808454498032194
2021-04-26,0.13131101998954683
2021-04-27,0.06768384975522378
2021-04-28,0.18305652451023416
2021-04-29,0.09287376178583917
2021-04-30,0.2095706738734945
2021-05-01,0.050995147593689456
2021-05-02,0.2778675068041629
2021-05-03,0.5523921028343016
2021-05-04,0.03286070919244672
2021-05-05,0.14057406679353054
2021-05-06,0.11041479516077836
2021-05-07,0.03645090966291154
2021-05-08,1.0455856226453668
2021-05-09,0.06534571650322245
2021-05-10,0.8243044293282178
2021-05-11,0.25328824807236555
2021-05-12,0.056686061879335635
2021-05-13,0.3947878864120436
2021-05-14,0.24488546610539497
2021-05-15,0.27699425379197257
2021-05-16,0.12695680033241052
2021-05-17,0.17450470505040558
2021-05-18,0.0780563669559373
2021-05-19,2.394021667819999
2021-05-20,0.5750837015193297
2021-05-21,0.09733317069775833
2021-05-22,0.5084694701810973
2021-05-23,1.5505685014246473
2021-05-24,0.5234482706017811
2021-05-25,0.24165681985426174
2021-05-26,0.0342032905973374
2021-05-27,0.21355679415861997
2021-05-28,0.03687952104749926
2021-05-29,0.19355546168049625
2021-05-30,0.1484595434658834
2021-05-31,0.1494970485683767
2021-06-01,0.07832474235501785
2021-06-02,0.08738630053659789
2021-06-03,0.037764939808212154
2021-06-04,0.13861386651942598
2021-06-05,0.23115716983392892
2021-06-06,0.12943828864313
2021-06-07,0.2671859922683993
2021-06-08,0.32520173151439036
2021-06-09,0.14823636142478439
2021-06-10,0.13683855026590447
2021-06-11,0.08106729881327754
2021-06-12,0.10237782542536564
2021-06-13,0.24504564968235223
2021-06-14,0.2942468662528912
2021-06-15,0.018405448032268828
2021-06-16,0.014405823306804108
2021-06-17,0.09073891463178277
2021-06-18,0.021477042888139477
2021-06-19,0.23467014208641745
2021-06-20,0.11874457309576672
2021-06-21,1.2416926066401124
2021-06-22,0.570344101405113
2021-06-23,0.6543947545003517
2021-06-24,0.1263775832811365
2021-06-25,0.2679926160884087
2021-06-26,0.3301780424047245
2021-06-27,0.3669159618368066
2021-06-28,0.07532461112685468
2021-06-29,0.10761844138868348
2021-06-30,0.21839561302197175
2021-07-01,0.21465475937826425
2021-07-02,0.1755015633986197
2021-07-03,0.09074063534130368
2021-07-04,0.1288612192507721
2021-07-05,0.23791183593806337
2021-07-06,1.7005263122183425
2021-07-07,0.2642965936286004
2021-07-08,0.07161351604571582
2021-07-09,0.1924251124827239
2021-07-10,0.37262664752640257
2021-07-11,0.16808824335578587
2021-07-12,0.9249443377875748
2021-07-13,0.06716072792398162
2021-07-14,0.41677867460452606
2021-07-15,0.01691369542777524
2021-07-16,0.07007818314889865
2021-07-17,0.28678135811372363
2021-07-18,0.017377341334201598
2021-07-19,0.0018628788249586516
2021-07-20,0.1636825529324829
2021-07-21,0.23288630037793306
2021-07-22,0.22095699664375357
2021-07-23,0.06852712699057174
2021-07-24,0.29772992045773805
2021-07-25,0.05840116806292942
2021-07-26,0.7923352127283765
2021-07-27,0.03236114792782845
2021-07-28,0.1486124274591006
2021-07-29,0.2648658287009558
2021-07-30,0.1503268106197492
2021-07-31,0.12147679504475783
2021-08-01,0.10656903068267133
2021-08-02,0.12203881909531576
2021-08-03,0.10290420069628901
2021-08-04,0.06521348699720365
2021-08-05,0.40910594483083607
2021-08-06,0.16128748188033584
2021-08-07,0.005035443638949865
2021-08-08,0.05726981767646099
2021-08-09,0.2267419775210053
2021-08-10,0.04770735981174267
2021-08-11,0.03201110718977644
2021-08-12,0.12460776662770555
2021-08-13,0.06790295061973306
2021-08-14,0.14779734908948827
2021-08-15,0.16665807356572407
2021-08-16,0.021196891947988974
2021-08-17,0.06682418925263121
2021-08-18,0.060648390694344266
2021-08-19,0.03581959099496357
2021-08-20,0.06474318219782065
2021-08-21,0.1653498776146794
2021-08-22,0.010626904548116467
2021-08-23,0.6607772948019809
2021-08-24,0.28019410405663475
2021-08-25,0.17837828870542755
2021-08-26,0.042078613716746815
2021-08-27,0.2373484094719072
2021-08-28,0.26188166617415265
2021-08-29,0.12518709975306533
2021-08-30,0.13559532089781673
2021-08-31,0.0623505161419646
2021-09-01,0.12139004808192916
2021-09-02,0.1399407595296029
2021-09-03,0.36013670642638884
2021-09-04,0.20204766008205613
2021-09-05,0.08509803416094662
2021-09-06,0.0665722204304764
2021-09-07,0.7248098276860369
2021-09-08,0.26801121776480546
2021-09-09,0.0316245643703235
2021-09-10,0.291893216957961
2021-09-11,0.34321991154205206
2021-09-12,0.06016080903931239
2021-09-13,0.6087427145624316
2021-09-14,0.30177011970961587
2021-09-15,0.00774789262156852
2021-09-16,0.18662961611209578
2021-09-17,0.09239366089448671
2021-09-18,0.2829557624914162
2021-09-19,0.12488662708032278
2021-09-20,0.4360383409546695
2021-09-21,0.1375316167652889
2021-09-22,0.30590962112108666
2021-09-23,0.23412670954363643
2021-09-24,0.13925191035240522
2021-09-25,0.3510222688124616
2021-09-26,0.3981049451867477
2021-09-27,0.9432169381612797
2021-09-28,0.313794785779985
2021-09-29,0.1191506936779156
2021-09-30,0.2794903428941307
2021-10-01,0.12811582204967337
2021-10-02,0.26490871919002523
2021-10-03,0.04089323286209722
2021-10-04,0.6068024450467566
2021-10-05,0.23385404655631478
2021-10-06,0.1497309582136602
2021-10-07,0.012937764489399936
2021-10-08,0.16851230347113647
2021-10-09,0.33013583905499333
2021-10-10,0.018090823306743078
2021-10-11,0.3259846295784001
2021-10-12,0.14300989137363182
2021-10-13,0.10815647998842096
2021-10-14,0.2807338499141784
2021-10-15,0.09841267049827127
2021-10-16,0.4041422133052292
2021-10-17,0.11488251028166693
2021-10-18,0.4085711024478933
2021-10-19,0.29815032553550164
2021-10-20,0.0960961175757105
2021-10-21,0.1494004963490701
2021-10-22,0.083977783542098
2021-10-23,0.220452738864906
2021-10-24,0.1186426236823456
2021-10-25,0.30334764742276454
2021-10-26,0.26301402345409697
2021-10-27,0.3437306887765016
2021-10-28,0.11756184750325932
2021-10-29,0.07154102428584465
2021-10-30,0.06858332716548897
2021-10-31,0.08283782691541823
2021-11-01,0.06295321936639794
2021-11-02,0.10216271071140232
2021-11-03,0.0716800210299432
2021-11-04,0.10140708413640688
2021-11-05,0.07906221241275962
2021-11-06,0.16483036405821433
2021-11-07,0.11624616619166729
2021-11-08,0.27840645948074627
2021-11-09,0.3598454443861417
2021-11-10,0.04124134275520594
2021-11-11,0.03933175556490264
2021-11-12,0.07359221643224283
2021-11-13,0.11764507415354959
2021-11-14,0.13252897650826054
2021-11-15,0.34703495812326896
2021-11-16,0.05537417559495076
2021-11-17,0.08818340427183044
2021-11-18,0.08845652795191003
2021-11-19,0.15031486219130052
2021-11-20,0.13663997704259884
2021-11-21,0.021210683539223823
2021-11-22,0.3552302544000936
2021-11-23,0.0752653824676586
2021-11-24,0.029347754994963157
2021-11-25,0.05021414170529576
2021-11-26,0.07095791665621136
2021-11-27,0.05460497741252679
2021-11-28,0.06106167455111505
2021-11-29,0.08233800242284374
2021-11-30,0.10470089964853674
2021-12-01,0.015210216213664127
2021-12-02,0.17662983969447016
2021-12-03,0.038699132441721074
2021-12-04,0.361204893861841
2021-12-05,0.2945352412631147
2021-12-06,0.026548974852223694
2021-12-07,0.12490572039488028
2021-12-08,0.1330369254195669
2021-12-09,0.030855926190900638
2021-12-10,0.009050202984694843
2021-12-11,0.11996607921748978
2021-12-12,0.15821807648637728
2021-12-13,0.3445425761866712
2021-12-14,0.0575700058875083
2021-12-15,0.10473790232683067
2021-12-16,0.09962170201100308
2021-12-17,0.1154873261783791
2021-12-18,0.3946108216578135
2021-12-19,0.09486167907448625
2021-12-20,0.1524180309344049
2021-12-21,0.005321647943986248
2021-12-22,0.1488887926878083
2021-12-23,0.10151512637293042
2021-12-24,0.1587531275610461
2021-12-25,0.029185880279247147
2021-12-26,0.2030989416452096
2021-12-27,0.4054759329882018
2021-12-28,0.2932117334485623
2021-12-29,0.19950433010949598
2021-12-30,0.10171777129743009
2021-12-31,0.1534008566178767
2022-01-01,0.16242397012877616
2022-01-02,0.23631691045079417
2022-01-03,0.07193187904673905
2022-01-04,0.2351065363235291
2022-01-05,0.1209991014165036
2022-01-06,0.0770142863205059
2022-01-07,0.11323669252548899
2022-01-08,0.20958233838203788
2022-01-09,0.30309024559097225
2022-01-10,0.3832863315809849
2022-01-11,0.1550679570126374
2022-01-12,0.05599169932881338
2022-01-13,0.14525419677150941
2022-01-14,0.1472191845018897
2022-01-15,0.2730197017527583
2022-01-16,0.04421330607592723
2022-01-17,0.16074336535279898
2022-01-18,0.19356478619392942
2022-01-19,0.06289694481573876
2022-01-20,0.11923128309713436
2022-01-21,0.2544100990507356
2022-01-22,0.10903958718345381
2022-01-23,0.24112442736104636
2022-01-24,0.13202510152232477
2022-01-25,0.03332802497906294
2022-01-26,0.014547331100026909
2022-01-27,0.07122435816738883
2022-01-28,0.09349106326664652
2022-01-29,0.1466195912734652
2022-01-30,0.12075620444464111
2022-01-31,0.0859813276258573
2022-02-01,0.2652466630224013
2022-02-02,0.020976036746899223
2022-02-03,0.22588781564621085
2022-02-04,0.1095446204618056
2022-02-05,0.012017705791362753
2022-02-06,0.3063005332103762
2022-02-07,0.5570743721572479
2022-02-08,0.22378343038741444
2022-02-09,0.04693051346411789
2022-02-10,0.2230397180558024
2022-02-11,0.344856981128794
2022-02-12,0.11539864925405569
2022-02-13,0.13629982605034943
2022-02-14,0.10791153040161419
2022-02-15,0.22763356154868616
2022-02-16,0.05907048033338167
2022-02-17,0.09681036425959057
2022-02-18,0.2884276259194374
2022-02-19,0.21412985102292884
2022-02-20,0.08542559439444258
2022-02-21,0.3044657991866879
2022-02-22,0.04915464544289644
2022-02-23,0.0912492465270959
2022-02-24,0.05547249208313584
2022-02-25,0.253677811670813
2022-02-26,0.18525895198166825
2022-02-27,0.15946101082001157
2022-02-28,0.5848322471554394
2022-03-01,0.16683632554623093
2022-03-02,0.07400162726150773
2022-03-03,0.09458209177908333
2022-03-04,0.034594753939319975
2022-03-05,0.21831672748332834
2022-03-06,0.32429363959243923
2022-03-07,0.13584982234580095
2022-03-08,0.10232042535576336
2022-03-09,0.17261263607344682
2022-03-10,0.10611680129712832
2022-03-11,0.03176050776842287
2022-03-12,0.25568093063520536
2022-03-13,0.5829473727702917
2022-03-14,0.15498521241123886
2022-03-15,0.15097320983285
2022-03-16,0.08135716389065269
2022-03-17,0.7615001467139061
2022-03-18,0.05854503986735008
2022-03-19,0.5360494754971276
2022-03-20,0.13076825947742735
2022-03-21,0.2759975262073324
2022-03-22,0.25772999730888624
2022-03-23,0.13580957517096665
2022-03-24,0.31408574243714565
2022-03-25,0.08218816887965621
2022-03-26,0.291614918490822
2022-03-27,0.59755441217995
2022-03-28,0.4878045914443842
2022-03-29,0.3882780395903256
2022-03-30,0.11649451641122759
2022-03-31,0.018293878974136403
2022-04-01,0.2404669425076145
2022-04-02,0.08997011086662973
2022-04-03,0.11765107217007693
2022-04-04,0.24793251160302787
2022-04-05,0.40889930223210597
2022-04-06,0.35146600803453465
2022-04-07,0.20007481521778306
2022-04-08,0.20935717638022458
2022-04-09,0.35698585777235803
2022-04-10,0.2480546509617594
2022-04-11,0.03851745592902146
2022-04-12,0.015569678825954635
2022-04-13,0.00993451925203899
2022-04-14,0.047952739038329265
2022-04-15,0.19157268138662054
2022-04-16,0.10543203859441842
2022-04-17,0.14691965288023803
2022-04-18,0.2233988519850223
2022-04-19,0.10287764756321006
2022-04-20,0.6186053506447557
2022-04-21,0.09487879220201705
2022-04-22,0.06069740227209255
2022-04-23,0.4122699399585862
2022-04-24,0.0006924024610261237
2022-04-25,0.6075764979324704
2022-04-26,0.12305538688649748
2022-04-27,0.13761523602874376
2022-04-28,0.009066627616636319
2022-04-29,0.04286503062455684
2022-04-30,0.03922045490848757
2022-05-01,8.03163093394298
2022-05-02,0.8481920576981363
2022-05-03,0.1101877570463669
2022-05-04,0.1719280317916644
2022-05-05,0.2940344844106166
2022-05-06,0.19679906140106454
2022-05-07,0.3621197017719811
2022-05-08,0.1624146897529866
2022-05-09,1.2610284852695348
2022-05-10,0.07664609361318651
2022-05-11,1.3938299872915654
2022-05-12,0.450585838276192
2022-05-13,0.6218605866235085
2022-05-14,0.49422720987874735
2022-05-15,0.31611912452333213
2022-05-16,0.030535184124102985
2022-05-17,0.31334095236655896
2022-05-18,0.1871881008661199
2022-05-19,0.009371325884642784
2022-05-20,0.07620971733467251
2022-05-21,0.19965387201528753
2022-05-22,0.022000254619053555
2022-05-23,0.15127118299238887
2022-05-24,0.11559144391411673
2022-05-25,0.16851938687658344
2022-05-26,0.33411541565022873
2022-05-27,0.11344523322470154
2022-05-28,0.4817671730430432
2022-05-29,0.023574590787046924
2022-05-30,0.5711926470565413
2022-05-31,0.48971276486614956
2022-06-01,0.06195852584371746
2022-06-02,0.07745110241856085
2022-06-03,0.002064802640448614
2022-06-04,0.024812029357095308
2022-06-05,0.05725214802317184
2022-06-06,0.03114711902213239
2022-06-07,0.07669136506253899
2022-06-08,0.22048136467331567
2022-06-09,0.006787049546713475
2022-06-10,0.22288190841727668
2022-06-11,0.3002972458178163
2022-06-12,0.06422591109135167
2022-06-13,1.4757924705205239
2022-06-14,0.303401622540531
2022-06-15,0.08166353600202324
2022-06-16,0.37448533663493994
2022-06-17,0.009261963576635408
2022-06-18,0.22491876046950904
2022-06-19,0.41537094347572967
2022-06-20,0.03917541616855286
2022-06-21,0.3852739700664636
2022-06-22,0.08696693007566132
2022-06-23,0.393270937633173
2022-06-24,0.13855991742039064
2022-06-25,0.1798354380831383
2022-06-26,0.03728856169845288
2022-06-27,0.33512467647788813
2022-06-28,0.06844136985500429
2022-06-29,0.25582929367378
2022-06-30,0.10715777675744872
2022-07-01,0.3708372661627726
2022-07-02,0.45526094144867163
2022-07-03,0.09343725268393072
2022-07-04,0.26861198793485397
2022-07-05,0.23312969327755026
2022-07-06,0.027147634717650103
2022-07-07,0.19791327532767472
2022-07-08,0.2575358463326261
2022-07-09,0.025076056449285657
2022-07-10,0.2868684995609709
2022-07-11,0.5355837011062835
2022-07-12,0.1414805925141774
2022-07-13,0.23835684112447633
2022-07-14,0.06914625240392967
2022-07-15,0.05331817915138284
2022-07-16,0.25085900334371364
2022-07-17,0.04376552818660771
2022-07-18,0.4107236928944837
2022-07-19,0.01282145852821381
2022-07-20,0.04098198147648087
2022-07-21,0.28290360270191306
2022-07-22,0.21952486095109805
2022-07-23,0.17316587992328433
2022-07-24,0.13319554301212078
2022-07-25,0.735270884115017
2022-07-26,0.16376154439759222
2022-07-27,0.1472312471828376
2022-07-28,0.14552867507241393
2022-07-29,0.2810709395922652
2022-07-30,0.3676362018258906
2022-07-31,0.059800899356021044
2022-08-01,1.0428339016104258
2022-08-02,0.2601025870562044
2022-08-03,0.09868745162709311
2022-08-04,0.08756157597445163
2022-08-05,0.0018963876636369067
2022-08-06,0.3120057295809145
2022-08-07,0.05686233767554152
2022-08-08,0.6765941993314999
2022-08-09,0.07402511122549273
2022-08-10,0.4615623527056331
2022-08-11,0.177748210949781
2022-08-12,0.23059382165308617
2022-08-13,0.35223309728957325
2022-08-14,0.06738364911747403
2022-08-15,0.7772004114495332
2022-08-16,0.39121762188040626
2022-08-17,0.020776825642426812
2022-08-18,0.01951241815535226
2022-08-19,0.3759933218381528
2022-08-20,0.3303110101555985
2022-08-21,0.24686110252154977
2022-08-22,0.6760840708697872
2022-08-23,0.0860683868004568
2022-08-24,0.04900670708065399
2022-08-25,0.3313005724806207
2022-08-26,0.13388633816029663
2022-08-27,0.3519387141683652
2022-08-28,0.034424940531039325
2022-08-29,0.7187820136480128
2022-08-30,0.21776727493413822
2022-08-31,0.10216873731393267
2022-09-01,0.09655743061561207
2022-09-02,0.27572570125823664
2022-09-03,0.4058381132708243
2022-09-04,0.12524406363051263
2022-09-05,0.27859760865848554
2022-09-06,0.31804629142379787
2022-09-07,0.254358463392383
2022-09-08,0.11774919353907257
2022-09-09,0.05738147382027521
2022-09-10,0.4052504651896603
2022-09-11,0.12313662214904533
2022-09-12,0.6102036585211869
2022-09-13,0.10379276582783885
2022-09-14,0.27624605109825
2022-09-15,0.35224726782952964
2022-09-16,0.39733588187366436
2022-09-17,0.36285704885075687
2022-09-18,0.3282199889312731
2022-09-19,0.22278945099989336
2022-09-20,0.07926269971366558
2022-09-21,0.1990107827292569
2022-09-22,0.23856122783246303
2022-09-23,0.0797655916548525
2022-09-24,0.30525979020657845
2022-09-25,0.20728117229060242
2022-09-26,0.5092325983780004
2022-09-27,0.3672775909629893
2022-09-28,0.1262583671223557
2022-09-29,0.049033120410882286
2022-09-30,0.0035751945382651515
2022-10-01,0.39439270981768254
2022-10-02,0.2571064595214508
2022-10-03,1.0887484946815493
2022-10-04,0.005461088101997235
2022-10-05,0.1637772071493898
2022-10-06,0.23816844079206442
2022-10-07,0.13641732378787075
2022-10-08,0.5284864695706646
2022-10-09,0.5171446032994641
2022-10-10,0.20120362567972458
2022-10-11,0.21947311823142907
2022-10-12,0.2404022674720835
2022-10-13,0.23367455779916574
2022-10-14,0.23666929250077104
2022-10-15,0.0622728891207346
2022-10-16,0.09422077977180832
2022-10-17,0.5512651534666703
2022-10-18,0.05678583557178572
2022-10-19,0.13393052471642786
2022-10-20,0.06754324048833465
2022-10-21,0.029010208712845917
2022-10-22,0.3620966573006398
2022-10-23,0.19917782245647722
2022-10-24,0.3422156476676076
2022-10-25,0.09402983141991593
2022-10-26,0.0899516960788358
2022-10-27,0.15251739144485071
2022-10-28,0.016064320089452258
2022-10-29,0.1654279157988588
2022-10-30,0.29043206153680845
2022-10-31,1.0019463354794333
2022-11-01,0.22606718206910692
2022-11-02,0.14635895916923247
2022-11-03,0.5853814529047894
2022-11-04,0.3011332687631275
2022-11-05,0.33631834819874296
2022-11-06,0.0010565481239181022
2022-11-07,0.41800045218100257
2022-11-08,1.5767953980371303
2022-11-09,0.07130862366207814
2022-11-10,0.29287299698323177
2022-11-11,0.31339559186516247
2022-11-12,0.31013326662181834
2022-11-13,0.010821960740836816
2022-11-14,0.1956166780765072
2022-11-15,0.011611725295797596
2022-11-16,0.08637138500727436
2022-11-17,0.06111268557976971
2022-11-18,0.18905860440699296
2022-11-19,0.13757736059810258
2022-11-20,0.0038164613240702244
2022-11-21,0.08352893256526747
2022-11-22,0.09778094262053447
2022-11-23,0.12975405831548634
2022-11-24,0.06422758983469966
2022-11-25,0.09641984624763393
2022-11-26,0.046010406067271706
2022-11-27,0.01471209023944695
2022-11-28,0.3318310885507472
2022-11-29,0.16583405441319926
2022-11-30,0.11404766001562448
2022-12-01,0.013756404608456483
2022-12-02,0.050667527451360724
2022-12-03,0.0692556223694893
2022-12-04,0.033814568663879725
2022-12-05,0.24165211731223543
2022-12-06,0.06178612728446112
2022-12-07,0.14748143392739976
2022-12-08,0.1104312101095355
2022-12-09,1.2016424359473807
2022-12-10,0.5490887853198985
2022-12-11,0.10498857870965912
2022-12-12,0.01536336016241649
2022-12-13,0.07355939849389442
2022-12-14,0.1189368941609353
2022-12-15,0.07391065228156071
2022-12-16,0.0769894200478913
2022-12-17,0.24622589372935053
2022-12-18,0.018857507963312193
2022-12-19,0.061458146051798786
2022-12-20,0.10843837184968934
2022-12-21,0.011264235170233212
2022-12-22,0.07149965832090244
2022-12-23,0.08786171084549889
2022-12-24,0.16004491664076573
2022-12-25,0.020295960402277217
2022-12-26,0.07698202952554924
2022-12-27,0.2609932407542412
2022-12-28,0.057517841964496975
2022-12-29,0.021563377266072298
2022-12-30,0.025087680697301475
2022-12-31,0.047360246176399515
2023-01-01,0.07909953342415817
2023-01-02,0.14164984695058058
2023-01-03,0.08142057768587095
2023-01-04,0.3254027879824086
2023-01-05,0.12891371700779233
2023-01-06,0.04642463409790759
2023-01-07,0.23660988268416172
2023-01-08,0.1845998852215515
2023-01-09,0.1972829081275904
2023-01-10,0.06444630863723692
2023-01-11,0.025509976641393407
2023-01-12,0.002692912952971277
2023-01-13,0.1607562111275873
2023-01-14,0.050596595894855136
2023-01-15,0.15181953308682514
2023-01-16,0.1747158962008163
2023-01-17,0.03572882957847003
2023-01-18,0.2480210770108265
2023-01-19,0.2626561233762574
2023-01-20,0.0393981719979642
2023-01-21,0.18071667980371445
2023-01-22,0.08353662596053853
2023-01-23,0.19693140538564663
2023-01-24,0.3304815821882161
2023-01-25,0.1602550995267665
2023-01-26,0.014687219927215264
2023-01-27,0.03157898026580265
2023-01-28,0.2586624087021917
2023-01-29,0.22974429853501108
2023-01-30,0.0566196051597023
2023-01-31,0.38575544502523346
2023-02-01,0.023337497362385877
2023-02-02,0.04647967927451963
2023-02-03,0.04003898824808392
2023-02-04,0.21861189374574239
2023-02-05,0.09601762584122916
2023-02-06,0.1968428370215989
2023-02-07,0.2927935683900545
2023-02-08,0.04995472065921126
2023-02-09,0.043914321420566595
2023-02-10,0.27221611833918086
2023-02-11,0.27081342021675336
2023-02-12,0.016237828390845227
2023-02-13,0.40479109688100623
2023-02-14,1.1643758834290274
2023-02-15,0.3374196894817345
2023-02-16,0.04734825220848678
2023-02-17,0.09694073081474569
2023-02-18,0.23702832086674006
2023-02-19,0.031164331309324805
2023-02-20,0.25268533751164624
2023-02-21,0.004799081822051856
2023-02-22,0.09417324115142585
2023-02-23,0.04337839259502345
2023-02-24,0.1801930936577049
2023-02-25,0.29445147117695264
2023-02-26,0.01440934934266372
2023-02-27,0.12423100864184905
2023-02-28,0.06190109510979112
2023-03-01,0.23472748667744966
2023-03-02,0.06210310766637095
2023-03-03,0.034394805586680954
2023-03-04,0.22177723034861507
2023-03-05,0.08335645632614465
2023-03-06,0.2960391149552974
2023-03-07,0.0059991772002079375
2023-03-08,0.011535457295447547
2023-03-09,0.08655325566737536
2023-03-10,0.08953586520670395
2023-03-11,1.742760092636978
2023-03-12,0.6947999548368547
2023-03-13,0.2907269500890609
2023-03-14,0.09371562775955447
2023-03-15,0.09086236978502754
2023-03-16,0.11320135354956946
2023-03-17,0.009247553086669726
2023-03-18,0.2598569121873604
2023-03-19,0.045968780879977605
2023-03-20,0.11766266727240489
2023-03-21,0.08590024392414324
2023-03-22,0.03632863361769621
2023-03-23,0.14485370101184392
2023-03-24,0.01763467001342383
2023-03-25,0.2350761259687957
2023-03-26,0.08843662372805179
2023-03-27,0.47119463252620253
2023-03-28,0.021183405102067284
2023-03-29,0.03922743974784458
2023-03-30,0.08085641136501104
2023-03-31,0.15935606488045628
2023-04-01,0.21308141674177197
2023-04-02,0.042980305442382634
2023-04-03,0.4058966278841806
2023-04-04,0.04606205744886979
2023-04-05,0.10316388567759602
2023-04-06,0.13980699028888743
2023-04-07,0.15454072737290506
2023-04-08,0.09911028677793954
2023-04-09,0.04264186299134236
2023-04-10,0.17963997668516907
2023-04-11,0.18497171283847288
2023-04-12,0.20375756604648237
2023-04-13,0.3260784435864216
2023-04-14,0.04527564276228164
2023-04-15,0.20194105551470212
2023-04-16,0.12446530263808
2023-04-17,0.29677694078822675
2023-04-18,0.5392266878384896
2023-04-19,0.3473725101462595
2023-04-20,0.06528866841048017
2023-04-21,0.3946573123482985
2023-04-22,0.0546157183738945
2023-04-23,0.10534257331685547
2023-04-24,0.06255737398495818
2023-04-25,0.13709196407078733
2023-04-26,0.05541814080508531
2023-04-27,0.07397900072724173
2023-04-28,0.004983635213446865
2023-04-29,0.054579568361477634
2023-04-30,0.226122844313852
2023-05-01,0.5248354288700132
2023-05-02,0.23238870023024263
2023-05-03,0.1187520503694264
2023-05-04,0.03251879018694234
2023-05-05,0.8019591467863404
2023-05-06,0.03307735944493119
2023-05-07,0.16920225090506125
2023-05-08,0.02155885588109629
2023-05-09,0.1576124758519648
2023-05-10,0.04794796245612622
2023-05-11,0.04852166596426991
2023-05-12,0.31335354890800177
2023-05-13,0.3618406489423358
2023-05-14,0.026130250502028288
2023-05-15,0.4063159503446
2023-05-16,0.053918828259704954
2023-05-17,0.06010685148345672
2023-05-18,0.015247079831928212
2023-05-19,0.12172776584837804
2023-05-20,0.28474693730890605
2023-05-21,0.056142623884376505
2023-05-22,0.3431071710526533
2023-05-23,0.12306385005509177
2023-05-24,0.16610314938901785
2023-05-25,0.06435855371408468
2023-05-26,0.2015782819138287
2023-05-27,0.19422321058677003
2023-05-28,0.14410808915984075
2023-05-29,0.23930818893504618
2023-05-30,0.20656726203614606
2023-05-31,0.13537093333770522
2023-06-01,0.0171949892078775
2023-06-02,0.1913978761027634
2023-06-03,0.22245434175937198
2023-06-04,0.09088363859088763
2023-06-05,0.6114718887789122
2023-06-06,0.24136650814730698
2023-06-07,0.11897365760400616
2023-06-08,0.045397026365799814
2023-06-09,0.09267536377063834
2023-06-10,0.08244983476708244
2023-06-11,0.2346358100100634
2023-06-12,0.013254675536293373
2023-06-13,0.04529507818038756
2023-06-14,0.2687262071721761
2023-06-15,0.11443108415829978
2023-06-16,0.07313698992639352
2023-06-17,0.10702864038499041
2023-06-18,0.15466526101786499
2023-06-19,0.235699452059479
2023-06-20,0.013116228093674036
2023-06-21,0.10330723971546688
2023-06-22,0.1605470315008694
2023-06-23,0.11081308429818228
