,theta,theta_past_ma10
0,inf,
1,inf,
2,inf,
3,inf,
4,inf,
5,inf,
6,inf,
7,inf,
8,inf,
9,0.006800677899063378,
10,0.0064642567863004855,0.006800677899063378
11,0.005912727916859872,0.006632467342681932
12,0.006035203432422909,0.006392554200741245
13,0.006323107647417315,0.006303216508661662
14,0.007065182541389698,0.006307194736412792
15,0.009176874579295054,0.006433526037242276
16,0.010678430444735293,0.006825432971821245
17,0.009779003899307259,0.007307057655935501
18,0.010664753964443562,0.007581718349643474
19,0.012454063317270928,0.007890021911123483
20,0.013371553210211396,0.008455360452944236
21,0.030191511917723037,0.009146090095335329
22,0.04361590534547173,0.011573968495421645
23,0.041987508241702644,0.015332038686726529
24,0.00946299034561424,0.01889847874615506
25,0.009226634526353332,0.019138259526577515
26,0.009085504203075384,0.019143235521283344
27,0.008874961481242333,0.018983942897117353
28,0.008689306997197253,0.01889353865531086
29,0.008574289063662933,0.01869599395858623
30,0.008607863387077988,0.018308016533225425
31,0.1015243287761331,0.01783164755091209
32,0.09297821861451126,0.024964929236753093
33,0.11117762183035114,0.029901160563657048
34,0.11597489185834028,0.03682017192252189
35,0.11561418855894667,0.0474713620737945
36,0.11339268909821872,0.05811011747705384
37,0.8960585773631735,0.06854083596656817
38,0.8058990038531968,0.1572591975547613
39,0.8018589745670327,0.23698016724036125
40,0.7270502416431686,0.31630863579069823
41,0.39283828363584805,0.3881528736163073
42,0.3830184253981361,0.4172842691022788
43,0.3803089864513502,0.44628828978064117
44,0.39189952655729027,0.4732014262427412
45,0.34962117363251805,0.5007938897126362
46,0.32627880362436734,0.5241945882199933
47,0.3275870581578261,0.5454831996726082
48,0.48951053062533884,0.48863604775207337
49,0.07246531141467179,0.4569972004292876
50,0.07268694022996686,0.38405783411405153
51,0.07268912700651041,0.31862150397273137
52,0.0711429568594246,0.28660658830979757
53,0.07128626146975904,0.2554190414559265
54,0.07069060676636006,0.22451676895776734
55,0.07031185750581258,0.1923958769786743
56,0.7901006563951158,0.16446494536600376
57,0.914669148917974,0.21084713064307864
58,1.453853720021498,0.2695553397190934
59,1.0107222676200902,0.36598965865870936
60,0.9354951967237701,0.45981535427925124
61,0.9959741538686923,0.5460961799286316
62,0.8868527225001885,0.6384246826148497
63,0.8664262827079319,0.719995659178926
64,0.8490450778588499,0.7995096613027434
65,0.8536124271993681,0.8773451084119923
66,1.0615673267951349,0.955675165381348
67,1.026285138189428,0.9828218324213498
68,0.9546048252384763,0.9939834313484953
69,2.101533869089529,0.944058541870193
70,2.0652694305797867,1.0531397020171371
71,0.7105374480937448,1.1661171254027385
72,0.3649142640876336,1.1375734548252439
73,0.261793412132468,1.0853796089839882
74,0.2790249879991831,1.024916321926442
75,0.28393901447665826,0.9679143129404754
76,0.29669566505784334,0.9109469716682043
77,0.332107382811866,0.8344598054944751
78,0.3244421988114756,0.7650420299567189
79,0.34831619945315156,0.7020257673140189
80,0.7114213772998023,0.526704000350381
81,0.7202935969168456,0.39131919502238266
82,0.7818916659259553,0.39229480990469273
83,0.7905912283527593,0.4339925500885249
84,1.6979583546478378,0.4868723317105541
85,0.9235744751485498,0.6287656683754195
86,0.802612104248835,0.6927292144426087
87,0.7153408342868732,0.7433208583617079
88,0.704873817234284,0.7816442035092085
89,0.6845329630123065,0.8196873653514893
90,0.6867488426395799,0.853309041707405
91,0.6645200499915686,0.8508417882413827
92,0.9602460348709121,0.845264433548855
93,1.0121651929338034,0.8630998704433507
94,1.3586253194885498,0.8852572669014549
95,1.1073119229371124,0.8513239633855262
96,1.1925532685705627,0.8696977081643824
97,1.0930978662472046,0.9086918245965553
98,1.329728224332024,0.9464675277925882
99,1.321867189822065,1.0089529685023624
100,1.5345008087454757,1.0726863911833382
101,1.89948974681875,1.1574615877939278
102,2.7979443090613954,1.2809585574766458
103,3.4932588430718337,1.4647283848956945
104,4.3403871818960775,1.7128377499094973
105,4.168521058149114,2.01101393615025
106,0.6022225858250035,2.31713484967145
107,0.5902193308468834,2.2581017813968947
108,0.5758776324792367,2.2078139278568623
109,0.565347858412268,2.1324288686715835
110,0.507902744094607,2.056776935530604
111,0.4932625544630785,1.9541171290655168
112,0.5026838388566265,1.8134944098299495
113,0.6791562045807732,1.5839683628094727
114,0.7349569839705793,1.302558098960367
115,0.8929084310282908,0.942015079167817
116,1.2150008098735408,0.6144538164557347
117,1.5199009770529899,0.6757316388605884
118,0.9868605608239831,0.768699803481199
119,1.035789860690046,0.8097980963156737
120,1.0275886732982555,0.8568422965434515
121,0.9717841197414713,0.9088108894638165
122,0.9819591260364943,0.9566630459916556
123,0.9477296047302964,1.0045905747096424
124,0.9666175242624981,1.0314479147245947
125,2.295299587797611,1.0546139687537865
126,2.180040281652399,1.1948530844307186
127,2.097559868501716,1.2913570316086045
128,2.2195896127561427,1.3491229207534772
129,2.1976104595842676,1.4723958259466932
130,2.4751361659358455,1.5885778858361153
131,3.425719629693994,1.7333326350998743
132,5.321092471806869,1.9787261860951264
133,3.869247377262707,2.412639520672164
134,3.3749712258979097,2.704791297925405
135,1.0161586897554535,2.9456266680889462
136,0.6787956169578316,2.8177125782847305
137,0.708409284506476,2.6675881118152738
138,0.6772237262546572,2.52867305341575
139,0.4872701380379686,2.374436464765601
140,0.4728242359006924,2.203402432610971
141,0.4749753930310548,2.0031712396074557
142,0.46974464603594107,1.7080968159411618
143,0.4893100454452021,1.2229620333640692
144,0.47501646011040616,0.8849683001823188
145,0.4763644415052044,0.5949728236035684
146,2.188407301816918,0.5409933987785435
147,1.6767910964931236,0.691954567264452
148,1.5467510392257098,0.7887927484631169
149,1.7343947132061048,0.875745479760222
150,1.7373436165388354,1.0004579372770357
151,0.3127931822837372,1.12690987534085
152,0.3110813591988464,1.1106916542661183
153,0.31150388552450037,1.0948253255824087
154,0.3104672908604548,1.0770447095903386
155,0.31972721661986625,1.0605897926653436
156,0.32632473781652777,1.0449260701768097
157,0.32378714211072557,0.8587178137767706
158,0.8580196169960429,0.7234174183385308
159,0.9080928597016023,0.6545442761155641
160,0.851050941090103,0.5719140907651139
161,0.8720755614388531,0.4832848232202407
162,1.1481771137055397,0.5392130611357522
163,1.160420324969139,0.6229226365864216
164,1.1566774457025142,0.7078142805308854
165,1.136475997205926,0.7924352960150914
166,1.136094696880605,0.8741101740736973
167,3.183852060459808,0.955087169980105
168,0.867980180131736,1.2410936618150132
169,0.8851956840245385,1.2420897181285828
170,0.7685067442249314,1.2398000005608762
171,0.8372737970249389,1.2315455808743592
172,0.8708520017538369,1.2280654044329675
173,0.871279837429491,1.2003328932377975
174,0.8317010281160481,1.1714188444838327
175,1.104568559277969,1.138921202725186
176,0.6087757225305004,1.1357304589323902
177,0.6360864796253127,1.0829985614973798
178,0.6376979140758137,0.8282220034139302
179,0.6179425871120282,0.805193776808338
180,0.6823439457338589,0.7784684671170871
181,0.7938212255766495,0.7698521872679798
182,0.854121864173675,0.7655069301231509
183,1.0513958662594358,0.7638339163651346
184,0.9817087568543035,0.7818455192481292
185,0.43262765753370663,0.7968462921219548
186,0.35013649747799347,0.7296522019475284
187,0.3437357104412282,0.7037882794422778
188,0.3441111972014305,0.6745532025238693
189,0.3755987930610087,0.645194530836431
190,0.3806245336725946,0.620960151431329
191,0.5314696629959141,0.5907882102252027
192,0.06395422536458456,0.5645530539671291
193,0.06493430295055119,0.48553629008622
194,0.06671681570653226,0.38689013375533154
195,0.057260821456176794,0.2953909396405544
196,0.050701577239075965,0.25785425603280143
197,0.04896708414673416,0.2279107640089097
198,0.04758801090407191,0.1984339013794603
199,0.048514235701124266,0.16878158274972443
200,0.04497864646691446,0.136073127013736
201,0.04313762789449814,0.10250853829316797
202,0.049880940395576626,0.05367533478302637
203,0.33528865444410694,0.05226800628612558
204,0.5039696245705308,0.07930344143548115
205,1.0581463855038264,0.123028722321881
206,1.3680925206376608,0.223117278726646
207,1.5229105263447804,0.35485637306650447
208,0.7937935844323076,0.5022507172863091
209,0.5341313706180806,0.5768712746391327
210,0.5311100162841427,0.6254329881308284
211,0.5561007271601559,0.6740461251125511
212,0.5559323361066525,0.7253424350391169
213,0.5680392843753762,0.7759475746102245
214,0.5617537264280181,0.7992226376033514
215,0.5930104185366186,0.8050010477891002
216,0.6744115602166805,0.7584874510923794
217,0.33508519429333755,0.6891193550502813
218,0.3330705649843053,0.570336821845137
219,0.3246046492605661,0.5242645199003368
220,0.25650529054174864,0.5033118477645854
221,0.22186816832132267,0.47585137519034604
222,0.21752286238480523,0.44242811930646264
223,0.228691383499818,0.4085871719342779
224,0.2579263864700185,0.37465238184672206
225,0.1815535078077982,0.34426964785092207
226,0.1594052494526575,0.30312395677804005
227,0.14764705386351534,0.25162332570163776
228,0.14956246456730982,0.23287951165865556
229,0.17203068984590777,0.214528701616956
230,0.42436189898667775,0.19927130567549017
231,0.8119600084131879,0.21605696651998305
232,0.8736417632585189,0.2750661505291696
233,0.8393218221194614,0.340678040616541
234,0.8318676406467552,0.4017410844785053
235,1.1559290480005415,0.45913520989617895
236,1.2424144042956033,0.5565727639154533
237,0.8751533286820647,0.6648736793997478
238,0.8189606115443473,0.7376243068816029
239,0.8356763941275704,0.8045641215793065
240,0.7624441576525853,0.8709286920074728
241,1.0237866169875198,0.9047369178740636
242,0.9563856912432184,0.9259195787314969
243,0.9338065738983818,0.9341939715299669
244,0.9795079579502408,0.9436424467078588
245,0.6786927683235635,0.9584064784382074
246,0.6594218733682203,0.9106828504705093
247,0.7199355866522518,0.8523835973777713
248,0.6931389195594434,0.8368618231747899
249,0.6746458578295238,0.8242796539762995
250,0.6697086633540982,0.808176600346495
251,0.6575835012492703,0.7989030509166463
252,3.3331623574975495,0.7622827393428213
253,4.57670840883783,0.9999604059682543
254,3.7893369775100387,1.3642505894621992
255,3.8000366523380102,1.645233491418179
256,4.089868697779535,1.9573678798196237
257,4.118713649282109,2.3004125622607554
258,4.666935579856609,2.6402903685237407
259,2.063254275318748,3.0376700345534573
260,1.5487085834145025,3.17653087630238
261,1.4161771569618815,3.2644308683084198
262,1.3620624804155563,3.3402902338796814
263,1.3264919788594292,3.143180246171482
264,1.2479209921720436,2.818158603173642
265,1.2360377647329543,2.5640170046398425
266,1.4766650792755431,2.307617115879337
267,2.4812896853639326,2.046296754028938
268,2.5560841979002586,1.88255435763712
269,2.608465293854875,1.6714692194414849
270,2.5325865581381057,1.7259903212950973
271,2.646078843256177,1.824378118767458
272,2.5225518824487896,1.9473682873968876
273,2.3379413778665277,2.063417227600211
274,3.780332688801055,2.164562167500921
275,3.2483976144044626,2.417803337163822
276,3.0535142745676023,2.6190393221309725
277,2.566704119011086,2.7767242416601787
278,2.5983142117821694,2.785265685024894
279,2.386349061621282,2.789488686413085
280,2.6670243512562863,2.767277063189726
281,2.581194700970748,2.7807208425015437
282,3.5233808640502056,2.774232428273001
283,3.0499831756081424,2.8743153264331425
284,3.048277897233576,2.9455195062073036
285,2.7989550514504105,2.872314027050556
286,3.4368146217639395,2.8273697707551504
287,3.47144301262549,2.8656998054747844
288,1.9452746836538493,2.956173694836225
289,0.8566452141269262,2.8908697420233933
290,0.8804783753429581,2.7378993572739576
291,0.828267651732349,2.5592447596826244
292,0.8142272363119715,2.3839520547587845
293,0.790239588339533,2.1130366919849615
294,0.7880041938253386,1.8870623332581
295,0.8169889228257999,1.6610349629172767
296,3.118713871539464,1.4628383500548154
297,3.4319667723918954,1.431028275032368
298,4.200116516694216,1.4270806510090086
299,4.713585566595421,1.6525648343130452
300,5.229152315807018,2.0382588695598947
301,5.454364875013153,2.473126263606301
302,4.793788972019965,2.935735985934381
303,4.342698291245155,3.3336921595051807
304,1.1221634044873008,3.688938029795743
305,1.1529933666552006,3.722353950861939
306,1.159846016027731,3.755954395244879
307,1.117002096031501,3.560067609693705
308,1.0882423397545926,3.3285711420576662
309,1.1057586413078624,3.0173837243637034
310,1.0773391453500683,2.656601031834948
311,4.144770924224033,2.241419714789253
312,8.373911152950797,2.1104603197103406
313,7.411410320469804,2.4684725378034242
314,3.7743598779327785,2.7753437407258894
315,3.878186994399806,3.040563388070437
316,3.744113141433391,3.3130827508448975
317,3.773620785229507,3.571509463385463
318,3.4935881623061595,3.837171332305264
319,3.6409220224083536,4.07770591456042
320,3.719616084950221,4.33122225267047
321,7.278226949810409,4.5954499466304854
322,8.617702079389801,4.908795549189122
323,6.249611842753936,4.9331746418330225
324,2.1597243828914965,4.816994794061436
325,1.7330278358551592,4.655531244557308
326,1.6925728031825944,4.441015328702843
327,1.678290301076016,4.235861294877763
328,1.4453619158945405,4.026328246462414
329,1.5005610292411562,3.8215056218212533
330,1.4055187709804016,3.607469522504533
331,1.4086035633382556,3.3760597911075507
332,1.696584278084889,2.789097452460336
333,1.6045290273790442,2.0969856723298443
334,1.5658757641132197,1.6324773907923553
335,5.673826066540199,1.5730925289145277
336,6.340041605089941,1.9671723519830315
337,6.494478083261707,2.431919232173766
338,6.443389897569556,2.9135380103923354
339,5.751868173969817,3.4133408085598367
340,6.621373768837414,3.838471523032703
341,6.982052880899426,4.360057022818404
342,6.352022245040813,4.917401954574521
343,8.211809809354754,5.382945751270114
344,8.037272440000319,6.043673829467685
345,8.532399998027673,6.690813497056395
346,10.46578138577064,6.976670890205142
347,9.705657747363235,7.389244868273212
348,9.582788675406979,7.710362834683364
349,23.949969135024524,8.024302712467106
350,12.377874635499522,9.844112808572579
351,12.333755623109191,10.419762895238788
352,10.683592892844775,10.954933169459766
353,10.332813518847248,11.388090234240163
354,10.272865435287454,11.600190605189411
355,11.122376489569536,11.823749904718124
356,7.451515595228074,12.082747553872311
357,6.5199939823585495,11.781320974818055
358,6.147759048732794,11.462754598317584
359,6.302299279204281,11.119251635650167
360,5.733636905155355,9.354484650068141
361,3.4206693432138593,8.690060877033726
362,3.2642998768351426,7.798752249044194
363,3.0383901427951305,7.056822947443228
364,3.1705391898076796,6.327380609838017
365,2.340919628734485,5.617147985290041
366,2.677631859728425,4.739002299206535
367,2.422653696621336,4.261613925656571
368,2.2602654074782276,3.8518798970828483
369,2.1585754664822803,3.463130532957392
370,2.3830720230715268,3.0487581516851923
371,2.3622202399713426,2.7137016634768094
372,8.001736942269579,2.607856753152558
373,11.495319940907507,3.081600459696001
374,9.862028197884014,3.927293439507239
375,7.134735902668989,4.596442340314872
376,6.650871639601207,5.075823967708322
377,5.673738347635811,5.473147945695601
378,5.189884985688087,5.798256410797048
379,5.194196427445308,6.091218368618034
380,3.4931018220058507,6.394780464714337
381,3.3414957089056787,6.505783444607769
382,3.271681157543292,6.603710991501204
383,3.367104134791025,6.130705413028574
384,3.314292530978111,5.317883832416927
385,3.5088506161940076,4.663110265726336
386,3.4804174245993837,4.300521737078838
387,4.900069818945426,3.9834763155786552
388,4.681014872414597,3.9061094627096167
389,4.5892473197002115,3.855222451382268
390,4.562634960782347,3.7947275406077585
391,4.89040601261852,3.901680854485408
392,4.560049609417575,4.056571884856693
393,3.5121894937599034,4.185408730044121
394,4.608393035084177,4.199917265941008
395,4.688063434011153,4.329327316351614
396,6.041960103586289,4.44724859813333
397,5.482116431743242,4.70340286603202
398,5.971277690885855,4.761607527311802
399,5.547655792747879,4.890633809158928
400,7.957842041969688,4.9864746564636935
401,6.4418989481870295,5.325995364582428
402,6.584713177124274,5.481144658139279
403,3.7818442483674164,5.683611014909949
404,3.8425028869972464,5.7105764903707
405,3.8942227718867617,5.633987475562007
406,3.832704109195156,5.554603409349568
407,3.639154834986437,5.333677809910455
408,3.815728432044358,5.1493816502347745
409,3.818805758093711,4.933826724350625
410,3.5613849209698927,4.760941720885208
411,2.9715567089317743,4.321296008785229
412,3.101060810239831,3.974261784859703
413,2.8693188288653446,3.6258965481712577
414,2.777909042106757,3.5346440062210513
415,2.749667214608315,3.4281846217320022
416,2.755453751470059,3.313729066004158
417,3.3052644840494882,3.206004030231648
418,5.112457465763188,3.1726149951379528
419,5.076093110150257,3.302287898509836
420,5.163611535964388,3.428016633715491
421,5.045349459071626,3.5882392952149402
422,0.29495173085600085,3.7956185702289256
423,0.25495180634367653,3.515007662290543
424,0.207930697348897,3.253570960038376
425,0.1770601738752748,2.9965731255625894
426,0.19482158160719024,2.7393124214892857
427,0.2382472908940005,2.483249204502999
428,0.3564793107103287,2.17654748518745
429,0.32330504581799013,1.700949669682164
430,0.2865883641227178,1.2256708632489373
431,0.2986244188319615,0.7379685460647702
432,0.6116990536860683,0.2632960420408038
433,0.8872616534570377,0.2949707743238106
434,0.7820573269318875,0.35820175903514667
435,0.6574392104254808,0.4156144219934458
436,0.6330349172084894,0.4636523256484663
437,0.613310828665719,0.5074736592085962
438,0.781582310483375,0.544980012985768
439,1.6089125629571548,0.5874903129630726
440,2.2142882389923684,0.7160510646769891
441,1.6181099684760119,0.9088210521639543
442,0.08369675843836676,1.0407696071283592
443,0.0816915508606923,0.9879693776035892
444,0.07229765498038397,0.9074123673439546
445,0.07169202103005791,0.8364364001488044
446,0.07849205158719674,0.7778616812092619
447,0.09912872741702522,0.7224073946471327
448,0.10051239236163707,0.6709891845222633
449,0.09400813372714803,0.6028821927100896
450,0.08335929463210133,0.4513917497870888
451,0.08605904075469337,0.2382988553510621
452,0.09979818719392938,0.08509376257893027
453,0.1445630488535398,0.08670390545448653
454,1.5637089616827062,0.0929910552537713
455,1.2538302088775575,0.24213218592400354
456,1.5788536129362734,0.3603460047087535
457,1.8420096469874494,0.5103821608436612
458,1.7260773604440425,0.6846702528007036
459,1.996583812319864,0.8472267496089441
460,2.064172370529222,1.0374843174682158
461,1.6224102368549131,1.2355656250579279
462,1.5306493437273985,1.3892007446679497
463,1.4728966599966973,1.5322858603212965
464,1.2784242961415913,1.6651192214356123
465,1.4014931065096572,1.6365907548815009
466,1.3793845453268885,1.6513570446447108
467,1.3753058373091582,1.6314101378837722
468,4.692765756250303,1.5847397569159432
469,2.6464227789226205,1.8814085964965692
470,2.7502300100172596,1.946392493156845
471,0.9353127864684648,2.0149982571056486
472,0.9684006115486622,1.9462885120670037
473,1.0269837858351498,1.8900636388491303
474,1.0506436234505143,1.8454723514329756
475,1.07046702594165,1.8226942841638674
476,1.046903880138515,1.7895916761070674
477,1.0222254331645617,1.7563436095882299
478,4.970902943005824,1.72103556917377
479,5.244586418380163,1.7488492878493223
480,6.1620703737710585,2.0086656517950763
481,7.015672673323993,2.349849688170456
482,3.0891667018991646,2.9578856768560096
483,3.1908467389989656,3.169962285891059
484,1.097424840036819,3.3863485812074408
485,1.0904110320327942,3.391026702866071
486,1.0985715283491022,3.3930211034751863
487,1.1122563426060081,3.3981878682962448
488,1.0961001479646462,3.4071909592403893
489,1.3036527356642933,3.0197106797362716
490,1.1201310268524385,2.6256173114646844
491,1.508695013324361,2.1214233767728223
492,1.3508584353195991,1.5707256107728593
493,1.2420195728181993,1.3968947841149029
494,1.2773137923410158,1.2020120674968262
495,1.845813067370456,1.2200009627272457
496,3.9293285475263255,1.295541166261012
497,3.9299522900240604,1.578616868178734
498,0.004619216727363072,1.8603864629205393
499,0.004619363558318549,1.7512383697968112
500,0.004619567727084893,1.6213350325862137
501,0.004620222764858055,1.5097838866736784
502,0.004620478891573874,1.359376407617728
503,0.004619918152707403,1.2247526119749257
504,0.004619551959390242,1.1010126465083763
505,4.684108149777448,0.9737432224702138
506,4.684018995933961,1.257572730710913
507,4.044843210144346,1.3330417755516766
508,3.065411423458088,1.344530867563705
509,3.2337519889602984,1.6506100882367776
510,2.8874869383913544,1.9735233507769756
511,3.5674536776732926,2.261810087843403
512,1.2938964224348366,2.618093433334246
513,1.209147182464579,2.7470210276885725
514,1.236109947240445,2.8674737541197595
515,1.337005920971121,2.990622793647865
516,1.3516244964870592,2.6559125707672324
517,1.553136650215126,2.322673120822542
518,1.71668858884249,2.07350246482962
519,3.8930490944880587,1.9386301813680604
520,10.915304841765948,2.004559891920836
521,7.120996639142942,2.8073416822582957
522,6.223003217259332,3.1626959784052606
523,5.999932860995638,3.65560665788771
524,5.689900319481237,4.1346852257408155
525,5.502495865501154,4.580064262964894
526,5.661333057538029,4.996613257417898
527,5.5488611953763645,5.427584113522995
528,7.213551432990815,5.82715656803912
529,14.039248567718415,6.376842852453952
530,13.55897825951344,7.391462799776988
531,8.48959805148911,7.6558301415517365
532,7.982942722290842,7.792690282786353
533,7.6316699365989,7.968684233289504
534,4.624346598247774,8.13185794084983
535,4.369234026335782,8.025302568726485
536,4.552687823761439,7.911976384809947
537,5.592630583448232,7.801111861432288
538,5.350783365451716,7.805488800239475
539,5.410929977092357,7.619211993485566
540,8.275441035690966,6.756380134422959
541,10.374417953607704,6.228026412040712
542,10.369311321807809,6.416508402252572
543,8.276738267112766,6.655145262204267
544,8.084387989820227,6.719652095255654
545,11.779050552843104,7.0656562344129
546,13.012626305447295,7.806637887063632
547,10.874318645126118,8.652631735232218
548,10.203693562756314,9.180800541400005
549,10.491745699784774,9.666091561130466
550,11.473379264018044,10.174173133399709
551,11.272074047149475,10.493966956232416
552,5.97911233690382,10.583732565586592
553,6.058936732871612,10.144712667096194
554,5.925846319965264,9.922932513672079
555,5.942270777820606,9.707078346686583
556,6.662628001502565,9.123400369184333
557,6.441787454676275,8.488400538789858
558,7.62184115112634,8.045147419744875
559,14.419876660762737,7.786962178581878
560,10.555661933094953,8.179775274679674
561,8.147817049947323,8.088003541587366
562,7.793440640405577,7.7755778418671495
563,6.644084601352314,7.957010672217325
564,6.839420925126603,8.015525459065396
565,4.658468816785708,8.10688291958153
566,4.8627013770818595,7.978502723478039
567,0.4584875392968433,7.798510061035969
568,0.4564768833719235,7.200180069498025
569,0.4577087752386564,6.483643642722585
570,0.46551691055580546,5.087426854170176
571,0.46314421906107633,4.078412351916262
572,0.45761997958793277,3.309945068827637
573,0.4557162619129762,2.5763630027458726
574,6.892785889393848,1.9575261688019385
575,6.8231747594464185,1.9628626652286627
576,6.960743452187413,2.179333259494734
577,9.737217998038131,2.3891374670052894
578,11.729190918658714,3.3170105128794183
579,7.694877555380538,4.444281916408097
580,4.661904067707588,5.167998794422285
581,0.9334656410926847,5.587637510137464
582,0.9552752615797064,5.634669652340625
583,0.9674051546697264,5.684435180539802
584,0.978519963253996,5.735604069815477
585,0.958074938885938,5.144177477201492
586,0.9374049859746824,4.557667495145443
587,0.9057944910011339,3.955333648524171
588,4.006569712843815,3.0721912978204706
589,7.714317231689023,2.2999291772389805
590,1.351018705789134,2.3018731448698295
591,1.3538733343475193,1.9707846086779839
592,1.3840493550903166,2.012825378003467
593,1.3950750688112814,2.055702787354529
594,1.4495874099767683,2.098469778768684
595,1.4661478236466892,2.145576523440961
596,1.56143181524795,2.1963838119170367
597,0.9878004077048917,2.258786494844363
598,0.9742517710856838,2.2669870865147392
599,0.961563365401478,1.9637552923389259
600,0.9316357683488803,1.2884799057101712
601,0.9109020441743232,1.2465416119661459
602,0.9075685327777889,1.2022444829488261
603,0.893784247608607,1.1545964007175735
604,0.8733012682552297,1.104467318597306
605,0.8825770220378178,1.0468387044251521
606,0.8672522671983769,0.9884816242642651
607,0.858592712087552,0.9190636694593076
608,0.8530365031808436,0.9061428998975739
609,0.8403254787331308,0.8940213731070896
610,0.8350603752214003,0.881897584440255
611,5.772747482125215,0.8722400451275071
612,18.745324831869066,1.358424588922596
613,17.234049380285846,3.1422002188317237
614,16.257184086480528,4.776226732099448
615,15.531302302012941,6.314615013921978
616,13.142689981821809,7.779487541919489
617,7.257276487831636,9.007031313381834
618,6.898872905908504,9.646899690956243
619,6.861106502753257,10.251483331229007
620,6.044135104665696,10.85356143363102
621,6.126734663034754,11.37446890657545
622,5.668109575045373,11.409867624666404
623,3.8421557035371507,10.102146098984035
624,4.305216990630358,8.762956731309165
625,4.365183652104536,7.567760021724149
626,4.43224813076276,6.451148156733308
627,4.6709177332688645,5.580103971627403
628,4.655209085326383,5.321468096171126
629,4.632815170323734,5.097101714112914
630,6.905826808738482,4.874272580869961
631,6.83302591107812,4.960441751277239
632,5.8277222297874065,5.031070876081577
633,6.145671919643425,5.04703214155578
634,5.020623015368426,5.277383763166407
635,4.615107563839415,5.3489243656402135
636,3.447943034699907,5.373916756813702
637,3.339078346210072,5.275486247207416
638,3.3550629568011368,5.142302308501537
639,3.673363549228976,5.012287695649013
640,3.457195597865829,4.916342533539536
641,3.6597008192731777,4.5714794124522715
642,3.6652856637940876,4.254146903271778
643,4.182149638039429,4.037903246672446
644,4.49316058209955,3.841551018512046
645,4.608164975064408,3.788804775185158
646,5.399953837502876,3.7881105163076576
647,4.7765950395270895,3.983311596587955
648,4.658146726972624,4.127063265919657
649,4.775133744151712,4.257371642936805
650,5.576141160288259,4.367548662429078
651,5.432449444653584,4.579443218671321
652,5.263436534771592,4.756718081209362
653,6.738955035597615,4.916533168307113
654,6.544462678347829,5.172213708062931
655,13.540345644361555,5.377343917687758
656,14.110164429969599,6.2705619846174745
657,17.497228836037145,7.141583043864147
658,0.9603986683691218,8.413646423515152
659,0.9692134890354697,8.043871617654801
660,0.9786523989104757,7.663279592143178
661,0.9933418055687085,7.203530716005399
662,1.0096846153324819,6.7596199520969105
663,1.0349493926992834,6.334244760153001
664,1.0578859097735853,5.763844195863167
665,4.224379959815763,5.2151865190057425
666,4.214848391721723,4.283589950551163
667,4.418649624467037,3.294058346726376
668,3.9837732430182595,1.9862004255693655
669,3.2029766894813143,2.2885378830342793
670,3.223374776385095,2.511914203078864
671,1.6946582929950018,2.7363864408263257
672,0.27414886932803234,2.806518089568955
673,0.2771146353887466,2.7329645149685104
674,0.2775978376923373,2.6571810392374564
675,0.27898301064968967,2.5791522320293314
676,0.28502541505441953,2.1846125371127245
677,0.28698338807467705,1.791630239445994
678,0.28463631941307577,1.378463615806758
679,3.732132679222006,1.0085499234462396
680,4.131300683281597,1.0614655224203087
681,3.464210637349334,1.152258113109959
682,3.1121340392131254,1.3292133475453922
683,2.8288815222100787,1.6130118645339013
684,0.5862495308033617,1.8681885532160347
685,0.5887376843851939,1.8990537225271376
686,0.5773211861310232,1.9300291899006878
687,0.5756970201521053,1.9592587670083481
688,0.5654471916268307,1.988130130216091
689,0.5273811053215249,2.0162112174374665
690,0.46588940224206027,1.6957360600474183
691,0.936362702289884,1.3291949319434644
692,0.29939567947986756,1.0764101384375195
693,0.11481380061371707,0.7951363024641938
694,0.11111122630598015,0.5237295303045576
695,0.11296657583562221,0.47621569985481943
696,0.11738907221676365,0.42863858899986235
697,0.14040172070885015,0.3826453776084363
698,0.1927333173229876,0.3391158476641108
699,0.17662197660096168,0.30184446023372646
700,0.2507946730708458,0.26676854736167016
701,0.23568034316668457,0.2452590744445487
702,0.1916654486431082,0.17519083853222878
703,0.1924538103416113,0.1644178154485528
704,0.17568585620532953,0.17218181642134223
705,0.25455525052892997,0.17863927941127716
706,0.23827073666216841,0.19279814688060795
707,0.47022278503427345,0.20488631332514845
708,1.2834586711147753,0.23786841975769074
709,1.3103493724470647,0.3469409551368695
710,1.335377617511655,0.4603136947214798
711,1.3229375860638946,0.5687719891655607
712,1.0953891932360746,0.6774977134552818
713,1.0890581214259294,0.7678700879145783
714,1.069790583908883,0.8575305190230103
715,0.994247577664016,0.9469409917933657
716,1.0777222489535496,1.0209102245068742
717,1.004919326943983,1.1048553757360122
718,1.2902221554610744,1.1583250299269834
719,1.4363013349451696,1.159001378361613
720,1.1134613091621026,1.1715965746114236
721,1.095779030327498,1.1494049437764684
722,1.1139571516636562,1.1266890882028286
723,0.46373244940294095,1.128545884045587
724,0.45402230181194275,1.066013316843288
725,0.45636195880000974,1.004436488633594
726,0.4562630465748677,0.9506479267471933
727,0.4568590715026295,0.8885020065093252
728,0.45772102291557254,0.8336959809651899
729,0.48174381345820433,0.7504458677106396
730,1.7821035362178885,0.6549901155619431
731,1.5792093439958168,0.7218543382675218
732,1.4477281812770322,0.7701973696343536
733,1.0098651654394282,0.8035744725956911
734,1.1271530462656327,0.8581877441993399
735,1.347304651198462,0.9255008186447089
736,1.4782820808995012,1.0145950878845542
737,1.3272349003297907,1.1167969913170175
738,1.327005382118851,1.2038345741997336
739,1.3254803976406633,1.2907630101200616
740,1.6552641255885405,1.3751366685383073
741,1.7882140245770273,1.3624527274753726
742,1.9700889288427417,1.3833531955334935
743,2.1384648302399487,1.4355892702900646
744,3.0601434608095115,1.5484492367701166
745,3.13079924038966,1.7417482782245046
746,1.5215985576817914,1.920097737143624
747,1.349284561046682,1.9244293848218532
748,1.144462851204265,1.9266343508935422
749,0.35906968914681303,1.908380097802084
750,0.3416111484108012,1.811739026952699
751,0.18925891952258264,1.6803737292349248
752,0.19072590400784686,1.5204782187294803
753,0.19326417278249658,1.3425419162459908
754,0.1959848911505156,1.1480218505002457
755,0.20136061478242326,0.8616059935343461
756,0.20565143258996255,0.5686621309736225
757,0.20473286170236638,0.4370674184644396
758,1.3894067577563967,0.32261224853000803
759,1.7507146916535994,0.34710663918522117
760,1.525894613962461,0.4862711394358998
761,1.5220749058055285,0.6046994859910658
762,1.1290246506554493,0.7379810846193604
763,1.0198615891583087,0.8318109592841207
764,0.3383628011387485,0.9144707009217019
765,0.3297772874499644,0.9287084919205251
766,0.11407459228985652,0.9415501591872791
767,0.116211751530413,0.9323924751572686
768,0.11990176055437313,0.9235403641400733
769,0.12236797055285746,0.7965898644198709
770,0.12664140916669903,0.6337551923097968
771,0.1266550099958345,0.4938298718302206
772,0.12763451215886504,0.3542878822492512
773,0.267658712316585,0.2541488683995927
774,0.32109886631062823,0.17892858071542037
775,0.3032136119436131,0.17720218723260833
776,0.29045616108469163,0.17454581968197322
777,0.27440480787279264,0.19218397656145672
778,0.2791882279778965,0.2080032821956947
779,0.41151991103285296,0.22393192893804703
780,0.3722776684775945,0.25284712298604656
781,0.4192548294387021,0.27741074891713613
782,0.43910078273696557,0.3066707308614229
783,0.4367443322944753,0.33781735791923295
784,0.47793875623243764,0.35472591991702196
785,0.3795812487279872,0.3704099089092029
786,0.38949477716805475,0.3780466725876403
787,0.46630892856371836,0.3879505341959767
788,0.63434233139882,0.4071409462650692
789,0.6377260830281711,0.4426563566071616
790,0.6616009556767585,0.4652769738066934
791,0.9871140623951152,0.4942093025266098
792,1.0501299991175042,0.5509952258222511
793,0.9338263543806719,0.6120981474603049
794,1.026245929580828,0.6618063496689246
795,1.3714595910754286,0.7166370670037636
796,1.38208094390402,0.8158249012385077
797,1.2989950825738787,0.9150835179121042
798,1.4631088277229145,0.9983521333131204
799,1.5509207621369954,1.0812287829455298
800,1.6292517549992254,1.1725482508564122
801,1.5784086122977459,1.2693133307886588
802,1.575465449591109,1.328442785778922
803,1.7912776023389327,1.3809763308262826
804,1.676179442992869,1.4667214556221084
805,0.69391050765376,1.5317148069633126
806,0.697362403125548,1.463959898621146
807,0.6840939074897858,1.3954880445432987
808,0.7514115688248587,1.3339979270348892
809,0.7270748724034384,1.2628282011450838
810,0.40506179559080296,1.180443612171728
811,0.29504424494620773,1.0580246162308857
812,0.30582730198677754,0.9296881794957319
813,0.28112787974729553,0.8027243647352987
814,0.3384174323065665,0.651709392476135
815,0.41616345046862385,0.5179331914075048
816,0.8289882153100055,0.49015848568899123
817,1.1471481334125515,0.5033210669074369
818,1.1233372039650986,0.5496264894997135
819,1.1689592684187022,0.5868190530137376
820,1.1789558991246245,0.6310074926152639
821,1.2976322670681715,0.7083969029686461
822,1.1038183169605533,0.8086557051808425
823,1.0528758149390798,0.88845480667822
824,1.1694194520056502,0.9656296001973985
825,1.3648653561059285,1.0487298021673068
826,0.9736891666111341,1.1435999927310374
827,0.7420887057124405,1.1580700878611503
828,0.7623006446515252,1.117564145091139
829,0.8296384117729014,1.0814604891597817
830,0.8611862579785876,1.0475284034952015
831,0.7743993931935133,1.015751439380598
832,0.7805022842815245,0.963428151993132
833,0.7016047919266559,0.9310965487252293
834,0.7101049992578332,0.8959694464239869
835,0.6743460617145273,0.8500380011492051
836,0.6790673161886626,0.780986071710065
837,0.680210147558534,0.7515238866678178
838,1.1444859183716285,0.7453360308524272
839,1.6507136520768144,0.7835545582244375
840,1.51146939192811,0.8656620822548288
841,1.539784449443504,0.9306903956497811
842,1.8926426948559067,1.0072289012747802
843,1.0984461517764443,1.1184429423322184
844,1.1091950357918159,1.1581270783171973
845,1.1350166725509474,1.1980360819705955
846,1.0448880336706459,1.2441031430542373
847,1.1311406085413325,1.280685214802436
848,1.132015018614435,1.3257782609007156
849,1.156468933407535,1.3245311709249963
850,1.0633649307986905,1.2751066990580684
851,1.121573573492904,1.2302962529451265
852,1.1326981803202019,1.1884751653500665
853,1.2712398300089425,1.1124807138964958
854,1.1124098814504575,1.1297600817197457
855,1.0954380945385,1.1300815662856099
856,1.0561393354259612,1.1261237084843654
857,1.1134657298167332,1.1272488386598967
858,1.0456219394046447,1.1254813507874368
859,0.5578127218229763,1.1168420428664578
860,0.26093005986437046,1.056976421708002
861,0.1499720176325359,0.9767329346145699
862,0.09328410645082463,0.879572779028533
863,0.08102224390111915,0.7756313716415953
864,0.08623346301810922,0.656609613030813
865,0.10996733221135364,0.5539919711875781
866,0.13618909284692296,0.4554448949548635
867,0.1542305366820159,0.3634498706969597
868,0.14870642653763272,0.267526351383488
869,0.16884013197445732,0.1778348000967868
870,0.23300381836089717,0.1389375411119349
871,0.49101863230512693,0.13614491696158756
872,0.41255889983018446,0.17024957842884667
873,0.3142206833168242,0.20217705776678266
874,0.32649758082161756,0.22549690170835315
875,0.2972538898791417,0.249523313488704
876,0.29895046641926437,0.2682519692554828
877,0.27708479714413053,0.28452810661271694
878,0.2736852943952215,0.2968135326589284
879,0.2823807221737161,0.30931141944468726
880,0.2673592975085112,0.3206654784646132
881,0.2300224908049298,0.32410102637937455
882,0.23372868738075092,0.29800141222935483
883,0.27361024963193264,0.2801183909844115
884,0.4878702114103044,0.2760573476159224
885,0.7821044676531468,0.292194610674791
886,2.1010321685888167,0.34067966845219155
887,1.934400771833924,0.5208878386691468
888,1.719785255870891,0.6866194361381261
889,1.048595813095637,0.831229432285693
890,0.4790083606176932,0.9078509413778851
891,0.07400165130929007,0.9290158476888033
892,0.05266294763459732,0.9134137637392394
893,0.05223451823503931,0.895307189764624
894,0.055873320190665925,0.8731696166249346
895,0.06348296483241965,0.8299699275029708
896,0.0776459360624923,0.7581077772208982
897,0.1764168011717984,0.5557691539682657
898,0.12852156787983376,0.3799707569020531
899,0.13902289095483164,0.22084438810294743
900,0.12212601474623591,0.12988709588886688
901,0.10772719097557065,0.09419886130172114
902,0.10330065189764119,0.0975714152683492
903,0.1573452414579097,0.10263518569465357
904,0.3922685488373749,0.11314625801694063
905,0.3784140340943343,0.1467857808816115
906,0.642730424564753,0.178278887807803
907,0.33372047816473266,0.23478733665802903
908,0.2071438527279108,0.25051770435732246
909,0.20692342311319548,0.2583799328421302
910,0.20680060887744497,0.26516998605796654
911,0.22203738314026394,0.2736374454710875
912,0.22694719012875578,0.2850684646875568
913,0.3203246705418964,0.2974331185106683
914,0.33839338149786635,0.3137310614190669
915,0.319537383250164,0.30834354468511604
916,0.37405209912515675,0.30245587960069903
917,0.46320464389335503,0.27558804705673945
918,0.3198064351795458,0.28853646362960167
919,0.3236756223214537,0.29980272187476514
920,0.34052567901696273,0.31147794179559096
921,0.3547925028336007,0.3248504488095428
922,0.3472196792233476,0.3381259607788764
923,0.33511982715858635,0.35015320968833563
924,0.3178839645369402,0.3516327253500046
925,0.4908640319135464,0.349581783653912
926,0.7156228593481998,0.36671444852025026
927,0.7346822897102457,0.40087152454255454
928,0.7251927291516732,0.4280192891242436
929,0.6386138047884086,0.46855791852145634
930,0.7957339162403344,0.5000517367681518
931,1.1752258660906247,0.545572560490489
932,1.6613890720210747,0.6276158968161913
933,1.7173500363292844,0.7590328360959642
934,3.281856345621491,0.8972558570130339
935,2.224465813483759,1.1936530951214892
936,1.6526904460759697,1.3670132732785103
937,1.4341754099990978,1.4607200319512872
938,1.2544014412277873,1.5306693439801724
939,0.9402788703392464,1.5835902151877839
940,0.9188604917729718,1.6137567217428674
941,1.0010022757352208,1.6260693792961312
942,1.3516933770382313,1.608647020260591
943,1.3779335333153035,1.5776774507623066
944,1.7070296691001057,1.5437358004609085
945,1.4270172226286695,1.3862531328087702
946,1.4527402611048024,1.306508273723261
947,1.2084434363454366,1.2865132552261442
948,1.0405570864367788,1.2639400578607782
949,1.092690712850849,1.2425556223816774
950,1.0596976516864867,1.2577968066328378
951,1.072428598397537,1.2718805226241892
952,1.1187941459177235,1.2790231548904205
953,1.1171649491461038,1.2557332317783698
954,1.3348378629856685,1.22965637336145
955,0.9811453383249314,1.1924371927500064
956,0.7110877066074537,1.1478500043196325
957,0.7452583374777065,1.0736847488698977
958,0.659831820472942,1.0273662389831246
959,0.8312733184792281,0.9892937123867409
960,1.1114536312238374,0.9631519729495788
961,1.587428389689095,0.968327570903314
962,1.2208040222054148,1.0198275500324698
963,1.1298188934546962,1.030028537661239
964,1.1999663751666012,1.031293932092098
965,1.2106499472542278,1.0178067833101914
966,1.21344122867581,1.040757244203121
967,1.209922455633538,1.0909925964099565
968,1.4399226727811905,1.1374590082255398
969,1.7189943860455466,1.2154680934563646
970,1.960453276647188,1.3042402002129965
971,0.9731054125455542,1.3891401647553314
972,1.02452473501611,1.3277078670409774
973,1.0415285310519287,1.308079938322047
974,1.0413365395068348,1.2992509020817704
975,0.9246353367076253,1.2833879185157935
976,0.7645346055708087,1.2547864574611334
977,0.6631517008586221,1.2098957951506333
978,0.9488440801831272,1.1552187196731416
979,0.9852904150087707,1.1061108604133352
980,1.0316600072823379,1.0327404633096577
981,1.0700590685770075,0.9398611363731726
982,1.0246572019958995,0.9495565019763179
983,0.9690283203235522,0.9495697486742969
984,0.9214290970805775,0.9423197276014594
985,0.9191554923857266,0.9303289833588335
986,0.919413083723102,0.9297809989266437
987,0.9640564623638697,0.945268846741873
988,1.3726167884578604,0.9753593228923979
989,0.9448787602864137,1.0177365937198712
990,1.032910427276525,1.0136954282476354
991,1.1732813783549259,1.0138204702470541
992,1.1729544978029265,1.024142701224846
993,1.1722558020556686,1.0389724308055486
994,1.0943454841057807,1.0592951789787601
995,1.1035298566789735,1.0765868176812807
996,1.8282433551063952,1.0950242541106054
997,1.6493886359260055,1.1859072812489346
998,1.6862018837555781,1.2544404986051483
999,1.7230078889010165,1.28579900813492
1000,1.3996249800709784,1.3636119209963802
1001,1.5816496980214685,1.4002833762758256
1002,1.3570684017514951,1.4411202082424799
1003,1.1920723554549706,1.4595315986373367
1004,0.8563020780508932,1.461513253977267
1005,0.9954139072958712,1.4377089133717782
1006,1.1926081056670912,1.426897318433468
1007,1.189136382745091,1.3633337934895375
1008,1.3483822436066184,1.317308568171446
1009,1.3986867408917023,1.28352660415655
1010,1.4005215273429028,1.2510944893556188
1011,1.5508778346725918,1.2511841440828113
1012,1.4261493139186883,1.2481069577479234
1013,1.6305516028736184,1.2550150489646428
1014,1.357982227234391,1.2988629737065076
1015,1.348630448530034,1.3490309886248573
1016,0.9162953543123599,1.3843526427482735
1017,0.7257134202861663,1.3567213676128005
1018,0.7270599415648717,1.3103790713669081
1019,0.7568627523836822,1.2482468411627334
1020,0.7617716039671293,1.1840644423119313
1021,0.721469011755189,1.120189449974354
1022,0.7411324064487147,1.0372485676826138
1023,0.7208651360161908,0.9687468769356163
1024,0.7222392995858351,0.8777782302498736
1025,1.0527532229793075,0.814203937485018
1026,2.3875963471135355,0.7846162149299454
1027,2.382248908152809,0.9317463142100628
1028,1.9554647803619667,1.0973998629967272
1029,1.6303533172565585,1.2202403468764367
1030,1.6691641632063634,1.3075894033637243
1031,1.683135496922304,1.3983286592876478
1032,1.1985232610157637,1.4944953078043592
1033,0.8975038369811038,1.5402343932610643
1034,0.7244455612897895,1.5578982633575555
1035,0.6546822024019221,1.5581188895279507
1036,0.6050933744825019,1.5183117874702123
1037,0.428293513131411,1.3400614902071089
1038,0.42520632397727876,1.1446659507049692
1039,0.43140125680601293,0.9916401050665004
1040,0.4500560657187087,0.8717448990214459
1041,0.4476911505768962,0.7498340892726804
1042,0.432391115541226,0.6262896546381396
1043,0.44158047323642674,0.5496764400906858
1044,0.6906236827858334,0.504084103716218
1045,1.0149336434822729,0.5007019158658225
1046,0.693689601933897,0.5367270599738576
1047,0.5809498349128137,0.545586682718997
1048,0.6197619391650229,0.5608523148971373
1049,0.6326906574200506,0.5803078764159117
1050,1.012738014268206,0.6004368164773155
1051,1.2011709995104933,0.6567050113322652
1052,1.0458357838427246,0.7320529962256249
1053,0.4019654203170366,0.7933974630557747
1054,0.38203256880672043,0.7894359577638358
1055,0.36295844257168014,0.7585768463659245
1056,0.3645053599259697,0.6933793262748653
1057,0.3600683213393621,0.6604609020740725
1058,0.3535987825448403,0.6383727507167274
1059,0.16199221067768674,0.6117564350547091
1060,0.16781888888769236,0.5646865903804728
1061,0.17282808164967003,0.4801946778424214
1062,0.17778601442407843,0.37736038605633904
1063,0.1741343608706912,0.29055540911447436
1064,0.17265217840570465,0.2677723031698399
1065,0.17058184924303407,0.2468342641297383
1066,0.896115355633824,0.22759660479687369
1067,0.20420015340040637,0.2807576043676591
1068,0.09022313930016002,0.26517078757376356
1069,0.05551859006758337,0.23883322324929548
1070,0.049726659538714156,0.22818586118828516
1071,0.05375041749249997,0.21637663825338732
1072,0.06352543203808929,0.20446887183767032
1073,0.09015506624128192,0.19304281359907144
1074,0.12188913486470442,0.1846448841361305
1075,0.0920026476192909,0.17956857978203047
1076,0.08496273845437471,0.17171065961965615
1077,0.08859124340321332,0.09059539790171123
1078,0.08260418450898566,0.07903450690199192
1079,0.0827525628975326,0.07827261142287448
1080,0.11995272762583423,0.0809960087058694
1081,0.1281392023328256,0.08801861551458141
1082,0.11475005233429778,0.09545749399861399
1083,0.10843098100052086,0.10057995602823482
1084,0.1050092381746287,0.10240754750415873
1085,0.10160811278815221,0.10071955783515114
1086,0.09371068021041833,0.10168010435203727
1087,0.09055722997320714,0.10255489852764163
1088,0.13473033970269885,0.10275149718464102
1089,0.64366534406423,0.10796411270401234
1090,0.7668180979818063,0.1640553908206821
1091,0.8945950671480429,0.2287419278562793
1092,0.889065217629326,0.30538751433780104
1093,0.8451148894857773,0.38281903086730384
1094,0.7617765409014297,0.45648742171582946
1095,0.8309294314829001,0.5221641519885096
1096,0.7062234298588079,0.5950962838579843
1097,0.8277918226793142,0.6563475588228233
1098,1.2822732984323564,0.730071018093434
1099,0.1696467340535667,0.8448253139663999
1100,0.16765671026370282,0.7974234529653335
1101,0.16742221690683984,0.7375073141935231
1102,0.16585851203180818,0.6647900291694028
1103,0.16414530216085918,0.592469358609651
1104,0.16514716558760648,0.5243723998771592
1105,0.15463597919373367,0.4647094623457769
1106,0.09293931157648135,0.39708011711686025
1107,0.07782749193962026,0.3357517052886276
1108,0.08109638076688547,0.26075527221465816
1109,0.08388674432807143,0.1406375804481111
1110,0.0860612156110905,0.13206158147556157
1111,0.08753846879867053,0.12390203201030034
1112,0.0844170619768869,0.1159136571994834
1113,0.1074227056267083,0.1077695121939913
1114,0.20968143462319275,0.1020972525405762
1115,0.171594306180062,0.10655067944413484
1116,0.17250003421436183,0.10824651214276766
1117,0.17851101536949457,0.1162025844065557
1118,0.1749038007191926,0.12627093674954312
1119,0.17186049339551182,0.13565167874477385
1120,0.17288148586240745,0.1444490536515179
1121,0.17495848031495712,0.15313108067664957
1122,0.5353305032440332,0.16187308182827825
1123,0.48321575492132074,0.20696442595499284
1124,0.4799901206711081,0.2445437308844541
1125,0.47930570955810115,0.27157459948924567
1126,0.47597598704439065,0.3023457398270496
1127,0.4723519566861083,0.3326933351100524
1128,0.4685209502049848,0.3620774292417138
1129,0.7928354023049511,0.391439144190293
1130,0.7628342419632433,0.4535366350812369
1131,0.7150078893310946,0.5125319106913205
1132,0.7099513946661172,0.5665368515929343
1133,0.7054308066600649,0.5839989407351427
1134,1.0890356286419887,0.6062204459090171
1135,0.948040631967199,0.6671249967061051
1136,0.9201744937656269,0.7139984889470149
1137,0.9963774881316103,0.7584183396191386
1138,1.3638589853542642,0.8108208927636887
1139,1.50697349466262,0.9003546962786168
1140,1.1980596512502613,0.9717685055143838
1141,1.0707910969178647,1.0152910464430853
1142,0.9262076954519989,1.0508693672017624
1143,0.9271542654165061,1.0724949972803508
1144,1.0426214606479332,1.0946673431559948
1145,1.1305540540274885,1.0900259263565892
1146,1.2117653696337427,1.108277268562618
1147,0.4027885421036601,1.1374363561494296
1148,0.3837693812811769,1.0780774615466346
1149,0.38235444648059963,0.980068501139326
1150,0.38975842848007897,0.8676065963211238
1151,0.40542027012196663,0.7867764740441057
1152,0.40509280801007774,0.7202393913645159
1153,0.4136265259910845,0.6681279026203237
1154,0.7346872978043669,0.6167751286777816
1155,0.9743597960848034,0.585981712393425
1156,0.9614710329252141,0.5703622865991564
1157,0.973397081136638,0.5453328529283036
1158,0.6409962340625392,0.6023937068316013
1159,0.8500643957841882,0.6281163921097377
1160,0.8423321454665637,0.6748873870400965
1161,0.8486016650775156,0.7201447587387448
1162,0.6213658588202741,0.7644628982342999
1163,0.5226582783637385,0.7860902033153195
1164,0.48371303886688494,0.7969933785525849
1165,0.47579105958663737,0.7718959526588367
1166,0.4650591086952659,0.7220390790090201
1167,0.5678863417979291,0.6723978865860253
1168,1.00293489859513,0.6318468126521544
1169,0.8075856528543319,0.6680406791054134
1170,0.7421907524867918,0.6637928048124279
1171,0.25864186352104473,0.6537786655144505
1172,0.2713766741962833,0.5947826853588035
1173,0.2711635146214503,0.5597837668964044
1174,0.2723153761910209,0.5346342905221756
1175,0.27136822817360184,0.5134945242545893
1176,0.26793278773520035,0.49305224111328566
1177,0.26474739313454715,0.4733396090172792
1178,1.2194395322799108,0.44302571415094094
1179,1.4068333968585338,0.46467617751941903
1180,1.4926795937529482,0.5246009519198391
1181,3.0427824973378654,0.5996498360464548
1182,2.235924893599351,0.8780638994281368
1183,1.6256748676524153,1.0745187213684437
1184,1.2355916498441857,1.2099698566715402
1185,1.0298189145611978,1.3062974840368566
1186,1.072524617208699,1.3821425526756164
1187,1.251907294340161,1.462601735622966
1188,1.4319799262890782,1.5613177257435276
1189,1.4455534093958182,1.5825717651444442
1190,1.4514886565369856,1.5864437663981727
1191,1.5790818849326924,1.5823246726765763
1192,2.1524287646871323,1.4359546114360593
1193,1.7037903751023045,1.4276049985448374
1194,1.7604415064311674,1.435416549289826
1195,1.3748768882703877,1.4879015349485243
1196,1.1187664822714456,1.5224073323194434
1197,1.1012252202199517,1.527031518825718
1198,0.9188099024039271,1.511963311413697
1199,0.9413450666380078,1.460646309025182
1200,0.6918864310667172,1.4102254747494007
1201,0.5607252649245063,1.3342652522023741
1202,0.5695495036754283,1.2324295902015554
1203,0.6058633278200577,1.0741416641003851
1204,0.5780198910762738,0.9643489593721604
1205,0.597579587525864,0.846106797836671
1206,0.5925247604386211,0.7683770677622187
1207,0.6320083473948663,0.7157528955789363
1208,0.9237723709528495,0.6688312082964277
1209,0.943360362359243,0.66932745515132
1210,0.90701541350157,0.6695289847234435
1211,0.9112389612478581,0.6910418829669287
1212,1.0823118895586437,0.7260932525992639
1213,1.0904508295141102,0.7773694911875854
1214,1.4471885399178612,0.8258282413569906
1215,1.5663270794215634,0.9127451062411496
1216,1.6768015998101946,1.0096198554307194
1217,2.645015668560054,1.1180475393678768
1218,2.4759538120869666,1.3193482714843956
1219,0.9162689503753475,1.474566415597807
1220,0.5707850553880165,1.4718572743994176
1221,0.5981531151506388,1.4382342385880622
1222,0.5867133671242007,1.4069256539783404
1223,0.5978802263329397,1.357365801734896
1224,0.6761258805827808,1.308108741416779
1225,0.7110636112910724,1.2310024754832711
1226,0.7385110862844728,1.145476128670222
1227,2.4104130896915836,1.0516470773176496
1228,0.9156282549736687,1.0281868194308026
1229,0.6874737551766472,0.8721542637194728
1230,0.7043307156167731,0.8492747441996029
1231,0.7609811349422,0.8626293102224786
1232,0.9348760073990168,0.8789121122016346
1233,0.8097129927135438,0.9137283762291162
1234,0.2799024201868638,0.9349116528671766
1235,0.28203680436034434,0.8952893068275849
1236,0.28080836800217435,0.8523866261345121
1237,0.2804315341977928,0.8066163543062823
1238,0.20329733866776944,0.5936181987569032
1239,0.20601951988961537,0.5223851071263133
1240,0.2040185419582714,0.4742396835976101
1241,0.24681184469893833,0.42420846623176
1242,0.25091032341218905,0.37279153720743374
1243,0.2623366985584586,0.30439496880875094
1244,0.2697500185416098,0.24965733939324242
1245,1.8427863862643539,0.24864209922871705
1246,0.46531149970137,0.404717057419118
1247,0.4430681696768347,0.42316737058903764
1248,0.4333687632115419,0.4394310341369418
1249,0.4215419326096027,0.46243817659131903
1250,0.4256199464943059,0.48399041786331776
1251,0.41786719794007204,0.5061505583169212
1252,0.4158630577718154,0.5232560936410345
1253,1.8237266932438836,0.5397513670769972
1254,1.60948591622722,0.6958903665455397
1255,1.606586376614342,0.8298639563141007
1256,0.42659115516832263,0.8062439553490994
1257,0.41911704193780513,0.8023719208957948
1258,0.42345338663752213,0.7999768081218919
1259,0.41945327328726384,0.7989852704644899
1260,0.4195376214812975,0.7987764045322561
1261,0.43843067079152465,0.7981681720309551
1262,0.43351188618490893,0.8002245193161004
1263,1.372763630418263,0.8019894021574098
1264,1.2264366928169872,0.7568930958748477
1265,0.6935086512450095,0.7185881735338244
1266,0.5883001144544108,0.6272804009968912
1267,0.48395402720873937,0.6434512969255
1268,0.46916505069008974,0.6499349954525935
1269,0.4776047013360703,0.6545061618578502
1270,0.4833468643444743,0.6603213046627309
1271,0.48548242236594774,0.6667022289490485
1272,0.5245621279399899,0.6714074041064908
1273,0.5200311133637767,0.6805124282819989
1274,0.7910674002225171,0.5952391765765503
1275,0.792848495797612,0.5517022473171033
1276,0.7931129802128694,0.5616362317723635
1277,0.8021014762062363,0.5821175183482094
1278,0.7681732851642198,0.613932263247959
1279,0.7569299425594672,0.643833086695372
1280,1.3952868964388216,0.6717656108177117
1281,1.3881335516310456,0.7629596140271465
1282,1.4178196767875915,0.8532247269536561
1283,1.4484014077889629,0.9425504818384166
1284,1.3603238613003097,1.035387511280935
1285,1.3295379068799689,1.0923131573887144
1286,1.8809833925842903,1.14598209849695
1287,1.890936334494203,1.2547691397340919
1288,1.9228816562811277,1.3636526255628887
1289,2.029559703895104,1.4791234626745795
1290,2.0048148570678466,1.6063864388081435
1291,2.0933132751216013,1.6673392348710458
1292,2.542310960927871,1.7378572072201013
1293,2.4457389294895853,1.8503063356341294
1294,2.5789910769163766,1.9500400878041915
1295,2.6973340264444734,2.071906809365798
1296,0.7257894202846106,2.208686421322249
1297,0.7300687644480855,2.0931670240922804
1298,0.769074337631468,1.9770802670876688
1299,0.8000958551613784,1.8616995352227028
1300,0.7365096735570706,1.7387531503493303
1301,0.012356464718065079,1.6119226319982531
1302,0.0123710331456582,1.4038269509578991
1303,0.012350434073042652,1.150832958179678
1304,0.012352044847602111,0.9074941086380235
1305,0.0123558510552692,0.6508302054311461
1306,0.012370986660830885,0.38233238789222573
1307,0.012371265283377442,0.3109905445298478
1308,1.4079859322927086,0.23922079461337695
1309,1.395108572683745,0.303111954079501
1310,1.0543689852251805,0.3626132258317377
1311,0.8352784270347489,0.39439915699854866
1312,0.6932862925781902,0.4766913532302171
1313,0.6002024476604265,0.5447828791734703
1314,0.5946199837253664,0.6035680805322087
1315,0.6571512361019459,0.6617948744199851
1316,0.7128194874962946,0.7262744129246528
1317,2.1655588532792396,0.7963192630081991
1318,2.1155060389967657,1.0116380218077854
1319,2.010989978687099,1.082390032478191
1320,2.032403253034578,1.1439781730785266
1321,1.9902764453534625,1.2417815998594661
1322,1.9410936294935865,1.3572814016913377
1323,2.1517069234562514,1.4820621353828773
1324,2.25141969072018,1.6372125829624598
1325,2.9336134161561995,1.8028925536619411
1326,2.1740949374362217,2.0305387716673664
1327,1.2137150471592935,2.176666316661359
1328,0.02410797478144974,2.081481936049365
1329,0.02412792173542443,1.8723421296278329
1330,0.02413967134580489,1.6736559239326656
1331,0.024203130721487894,1.4728295657637882
1332,0.024240155430865235,1.2762222343005907
1333,0.02425609049559623,1.0845368868943184
1334,0.024179344206800676,0.871791803598253
1335,1.5788681127519557,0.6490677689469151
1336,1.5889797252584523,0.5135932386064906
1337,1.4532570869631156,0.4550817173887138
1338,1.7074409245399222,0.47903592136909595
1339,1.7082642575250753,0.6473692163449432
1340,1.4936998778040766,0.8157828499239084
1341,1.3851854384991003,0.9627388705697355
1342,1.3850246509164295,1.0988371013474967
1343,1.249334067468652,1.2349155508960532
1344,0.7755123088816406,1.357423348593359
1345,0.7695946053266147,1.4325566450608425
1346,0.7569307215019121,1.3516292943183086
1347,0.7778131474266774,1.2684243939426545
1348,0.8243052002837361,1.2008799999890107
1349,0.8241376843134964,1.1125664275633922
1350,0.8304102574131894,1.0241537702422343
1351,1.094511681024195,0.9578248082031455
1352,1.167088808788702,0.928757432455655
1353,1.1583828397453877,0.9069638482428821
1354,1.1432367460599002,0.8978687254705559
1355,1.0446798788080438,0.9346411691883819
1356,0.9926106520005672,0.9621496965365248
1357,0.966633509879487,0.9857176895863902
1358,2.2484698212327068,1.0045997258316712
1359,2.8600418032475052,1.1470161879265683
1360,3.2344957143377573,1.3506065998199692
1361,1.8409129774914836,1.591015145512426
1362,1.6465337903142823,1.6656552751591547
1363,1.6438799193066531,1.713599773311713
1364,1.6035113056225856,1.7621494812678393
1365,1.4306494639473217,1.808176937224108
1366,1.581296576603041,1.846773895738036
1367,1.3980477875417352,1.9056424881982832
1368,1.5832802349273676,1.948783915964508
1369,1.5503275605405784,1.8822649573339743
1370,1.5298511659610143,1.7512935330632815
1371,1.5259627302096408,1.580829078225607
1372,1.8746761801026692,1.5493340534974227
1373,0.14663912188867056,1.5721482924762615
1374,0.14605306050697034,1.4224242127344633
1375,0.14644806220478734,1.2766783882229018
1376,0.14672995234648398,1.148258248048648
1377,0.1469143023240018,1.0048015856229926
1378,0.1484944143920622,0.8796882371012191
1379,0.14957773230116414,0.7362096550476886
1380,1.8362108168954612,0.5961346722237472
1381,1.7861971642611294,0.6267706373171918
1382,1.9107295040421022,0.6527940807223407
1383,2.4333696716310347,0.656399413116284
1384,1.4812375735159302,0.8850724680905205
1385,1.319547901202012,1.0185909193914164
1386,0.8026817458394084,1.1359009032911387
1387,0.4575638250502204,1.2014960826404315
1388,0.4431703356162608,1.2325610349130534
1389,0.4978272286824317,1.262028627035473
1390,0.59597547195826,1.2968535766735998
1391,0.6313951215135903,1.1728300421798796
1392,0.6149072952329754,1.0573498379051258
1393,0.6143985603312202,0.9277676170242131
1394,0.975069064263241,0.7458705058942317
1395,1.5196726021186646,0.6952536549689627
1396,1.134896920510077,0.7152661250606279
1397,0.8349058788795691,0.7484876425276948
1398,0.8725641091381066,0.7862218479106298
1399,0.8654473877871606,0.8291612252628143
1400,0.8502922498641509,0.8659232411732871
1401,0.7216096876830836,0.8913549189638763
1402,0.706531006767803,0.9003763755808256
1403,0.7686943500968726,0.9095387467343083
1404,0.7734073431534949,0.9249683257108737
1405,0.7563704422199881,0.9048021535998989
1406,0.7579542710968435,0.8284719376100315
1407,0.8238153076097015,0.790777672668708
1408,1.056241455152292,0.7896686155417212
1409,1.3283962035729928,0.8080363501431398
1410,0.7886554940085558,0.8543312317217231
1411,0.8740683906229606,0.8481675561361636
1412,0.6513491085595464,0.8634134264301512
1413,0.652606527709627,0.8578952366093254
1414,0.5526373930063492,0.846286454370601
1415,0.5479291320421826,0.8242094593558864
1416,0.5515976626608025,0.8033653283381058
1417,0.5891841303817456,0.7827296674945017
1418,0.5883718301068354,0.7592665497717062
1419,0.6284826011246786,0.7124795872671605
1420,0.6388814139403672,0.6424882270223291
1421,0.7660884303466228,0.6275108190155102
1422,0.668483345713523,0.6167128229878764
1423,0.6307833794716052,0.6184262467032741
1424,0.6151410560602592,0.6162439318794719
1425,0.6625454637674865,0.6224942981848629
1426,0.7697623174771308,0.6339559313573933
1427,0.6447660882163679,0.6557723968390261
1428,0.5901312473490848,0.6613305926224884
1429,0.5319645121662746,0.6615065343467134
1430,0.5617281847518585,0.6518547254508729
1431,0.6207683056569493,0.6441394025320221
1432,0.7757821756632782,0.6296073900630547
1433,0.889311762510442,0.6403372730580302
1434,0.822890160341029,0.6661901113619139
1435,0.6681280104281926,0.6869650217899909
1436,0.6899823438300425,0.6875232764560615
1437,0.744974310641599,0.6795452790913526
1438,0.7314034670706926,0.6895661013338757
1439,0.6242613808472883,0.7036933233060365
1440,1.0037042746384908,0.712923010174138
1441,1.144876317988292,0.7571206191628012
1442,1.0910885992838573,0.8095314203959354
1443,0.7856380886686432,0.8410620627579932
1444,0.7972542674905324,0.8306946953738134
1445,0.7382632335799755,0.8281311060887637
1446,0.8384242150623702,0.8351446284039421
1447,0.86832876996856,0.8499888155271748
1448,0.47000630366426216,0.862324261459871
1449,0.4709386796642232,0.8361845451192279
1450,0.4591625892525265,0.8208522750009214
1451,0.4630804148160592,0.766398106462325
1452,0.46715096007372836,0.6982185161451017
1453,0.4397273657030059,0.6358247522240889
1454,0.4154134905723251,0.6012336799275251
1455,0.5966724091316253,0.5630496022357043
1456,0.6132071665730556,0.5488905197908693
1457,0.5558536995329014,0.5263688149419379
1458,0.5829572919570735,0.495121307898372
1459,0.5859122025973779,0.5064164067276531
1460,0.5439895165217156,0.5179137590209686
1461,0.5482477677827591,0.5263964517478875
1462,0.544779048862807,0.5349131870445575
1463,0.7519607396836576,0.5426759959234653
1464,0.7082585077376895,0.5738993333215305
1465,0.6893711379983382,0.6031838350380669
1466,0.609868446798295,0.6124537079247382
1467,0.5898008709240081,0.6121198359472622
1468,0.5855682509871691,0.6155145530863729
1469,0.5710320011753083,0.6157756489893824
1470,0.5487605825770465,0.6142876288471755
1471,0.7087032001406931,0.6147647354527085
1472,0.7442383289981818,0.6308102786885019
1473,1.8275137784837354,0.6507562067020395
1474,2.7739663941709884,0.7583115105820472
1475,2.6287934719588355,0.9648822992253772
1476,0.6763917413063908,1.1588245326214266
1477,0.6867784924599062,1.1654768620722362
1478,0.6856312324165622,1.1751746242258263
1479,0.6687377052875538,1.1851809223687657
1480,0.6200941317015753,1.19495149277999
1481,0.6061915295488912,1.202084847692443
1482,0.6041760746569244,1.1918336806332628
1483,1.1918474058125983,1.1778274551991372
1484,0.8669255677954169,1.1142608179320235
1485,0.8392650894284055,0.9235567352944661
1486,0.857287799651878,0.7446038970414233
1487,1.0796588696005613,0.7626935028759718
1488,1.656082415572187,0.8019815405900375
1489,1.1381890761334783,0.8990266589055999
1490,1.1790530121771103,0.9459717959901924
1491,1.3023179331217543,1.0018676840377458
1492,1.293348099875345,1.0714803243950322
1493,1.3298752140928656,1.1403975269168742
1494,1.5929124860210762,1.1542003077449008
1495,1.750543848199205,1.2267989995674669
1496,3.0345115251041115,1.3179268754445468
1497,3.0603493738514937,1.53564924798977
1498,3.0839235693788627,1.7337182984148634
1499,1.1332537693027958,1.8765024137955308
1500,0.914178122016197,1.8760088831124626
1501,0.9703456007780318,1.8495213940963713
1502,0.9861679869140323,1.816324160861999
1503,0.8145115608661826,1.785606149565868
1504,0.7586051579082022,1.7340697842431996
1505,1.021193884548245,1.6506390514319123
1506,0.8523936593141492,1.5777040550668162
1507,0.8759585941116557,1.35949226848782
1508,1.1121964222553542,1.1410531905138361
1509,2.0219869777649624,0.9438804758014852
1510,2.9077054703251983,1.0327537966477018
1511,1.0399926349751514,1.2321065314786022
1512,0.6899810559556406,1.239071234898314
1513,0.5254418730700366,1.2094525418024749
1514,0.5323976607521015,1.1805455730228602
1515,0.5407652626308342,1.15792482330725
1516,0.4854892539127935,1.109881961115509
1517,0.5177333701398972,1.0731915205753735
1518,0.4891133082015905,1.0373689981781975
1519,0.36602752029836855,0.9750606867728214
1520,0.37175288451511973,0.8094647410261621
1521,0.37761657262156834,0.5558694824451541
1522,0.37189914090551346,0.4896318762097958
1523,0.4139745977356501,0.4578236847047831
1524,0.3793008659775222,0.4466769571713445
1525,0.2897995856288198,0.4313672776938865
1526,0.3796238847460763,0.40627070999368503
1527,0.3839849337063665,0.3956841730770133
1528,0.4448534028542662,0.38230932943366025
1529,0.4792936318144603,0.3778833388989279
1530,0.6513443728019016,0.389209950050537
1531,1.7087946020588791,0.4171690988792152
1532,1.7088246165139287,0.5502869018229463
1533,1.4609428183855442,0.6839794493837879
1534,1.5339241186629398,0.7886762714487772
1535,1.7383742034289078,0.904138596717319
1536,1.6763912734849111,1.0489960584973277
1537,2.0172766623478013,1.1786727973712112
1538,2.1400876673025655,1.3420019702353545
1539,2.2343620915341944,1.5115253966801847
1540,3.5249109820586724,1.6870322426521582
1541,3.4999699771225767,1.9743889035778353
1542,3.643987929388277,2.153506441084205
1543,3.361616264267255,2.34702277237164
1544,2.9022068151182445,2.537090116959811
1545,2.8605767949260397,2.673918386605341
1546,1.9772135194361906,2.7861386457550545
1547,1.0092576336622363,2.8162208703501825
1548,1.0778206376322055,2.715418967481626
1549,1.1687877694698,2.6091922645145895
1550,1.3752910779352367,2.502634832308151
1551,1.2552487895666302,2.287672841895807
1552,1.2972257069419537,2.0632007231402123
1553,1.2988116965151264,1.8285245008955802
1554,2.8652186632499475,1.6222440441203674
1555,3.1046694729870685,1.6185452289335374
1556,2.9510075015947437,1.6429544967396403
1557,2.1136236853862007,1.7403338949554956
1558,2.0819942007657053,1.8507705001278922
1559,2.145110614385585,1.951187856441242
1560,2.2745728728305132,2.0488201409328206
1561,2.367923412708588,2.138748320422348
1562,1.5470614720225988,2.250015782736544
1563,1.511598485149281,2.274999359244608
1564,1.5210473738787815,2.296278038108024
1565,1.4507174641344036,2.1618609091709073
1566,1.4641221144757062,1.996465708285641
1567,1.4659844038082506,1.847777169573737
1568,1.5353252746474009,1.7830132414159423
1569,2.4709496554669306,1.7283463488041118
1570,2.5733209857285546,1.760930252912246
1571,1.8976948542649785,1.79080506420205
1572,1.8172393463008898,1.7437822083576893
1573,0.592685159283061,1.7707999957855183
1574,0.5896006308549543,1.678908663198896
1575,0.5901372945025927,1.5857639888965138
1576,0.5629432589814718,1.4997059719333325
1577,0.40234363037251397,1.4095880863839092
1578,0.4077348894436101,1.3032240090403355
1579,0.4099208612270145,1.1904649705199566
1580,0.4348102530029468,0.9843620910959648
1581,0.452933160656449,0.7705110178234041
1582,0.4456633066318093,0.6260348484625511
1583,0.43514305745100673,0.488877244495643
1584,0.7095720639144278,0.47312303431243763
1585,0.6985389425501668,0.48512017761838494
1586,0.7152765146408473,0.49596034242314235
1587,1.394284549387437,0.5111936679890798
1588,1.6514021011942206,0.6103877598905723
1589,1.6301749324241122,0.7347544810656333
1590,1.533950761884465,0.8567798881853431
1591,1.536071786275777,0.966693939073495
1592,1.2958799598913782,1.0750078016354279
1593,0.9502344155072787,1.1600294669613846
1594,1.069211301991751,1.2115386027670119
1595,1.1592932749126124,1.2475025265747441
1596,1.2669229346710298,1.2935779598109887
1597,1.3546306203393355,1.3487426018140067
1598,1.5602005581648173,1.3447772089091967
1599,1.5705825904505504,1.3356570546062565
1600,3.1709858792387835,1.3296978204089003
1601,2.4830993577477414,1.4934013321443322
1602,1.3058484355295028,1.5881040892915286
1603,0.8954178250306013,1.5891009368553408
1604,0.9243302626955258,1.5836192778076732
1605,0.9737281399593077,1.5691311738780507
1606,0.9672833974860098,1.5505746603827202
1607,0.86174687981499,1.5206107066642183
1608,0.8553266555184297,1.4713223326117837
1609,0.9403726081886411,1.400834942347145
1610,2.3448068287372066,1.337813944120954
1611,2.5480521730811416,1.2551960390707964
1612,3.3249135752019985,1.2616913206041365
1613,3.4167333649828198,1.4635978345713858
1614,3.8665593301718753,1.7157293885666078
1615,6.146074000899122,2.0099522953142426
1616,1.950235557086791,2.527186881408224
1617,1.913900579801375,2.6254820973683026
1618,1.5948458708559352,2.730697467366941
1619,1.5842035657938307,2.8046493889006916
1620,1.2604633807425227,2.86903248466121
1621,1.1290737989221946,2.760598139861742
1622,1.1504459309229427,2.618700302445847
1623,2.1847312475888283,2.401253538017942
1624,2.339217931638521,2.2780533262785427
1625,2.321639783529246,2.125319186425207
1626,1.835471668376762,1.7428757646882194
1627,2.158539540707417,1.7313993758172166
1628,2.9356436480514563,1.7558632719078209
1629,2.9503200068357764,1.8899430496273726
1630,0.9716973312357271,2.0265546937315673
1631,0.9643613711996721,1.9976780887808878
1632,0.8989365255225421,1.9812068460086358
1633,0.8889088857399217,1.9560559054685953
1634,0.8819778740379265,1.8264736692837047
1635,0.8653420771181687,1.6807496635236454
1636,0.8190371387762007,1.5351198928825378
1637,2.7040258320056068,1.4334764399224817
1638,3.3804280338465715,1.4880250690523007
1639,2.5423580505924557,1.5325035076318119
1640,2.0186178734732203,1.49170731200748
1641,1.719254643745273,1.5963993662312292
1642,1.626344237367884,1.6718886934857895
1643,1.7525654255037326,1.7446294646703238
1644,1.9326167821722076,1.830995118646705
1645,2.837242145814908,1.9360590094601329
1646,2.733716634195699,2.133249016329807
1647,2.51115773322813,2.324716965871757
1648,2.703177116554026,2.3054301559940087
1649,5.684423654446711,2.2377050642647545
1650,3.7411823590048803,2.55191162465018
1651,1.6280303347667509,2.7241680732033458
1652,1.1996293220845413,2.7150456423054936
1653,0.9942145737458821,2.6723741507771592
1654,0.963308221226124,2.596539065601374
1655,1.1039890440807072,2.499608209506766
1656,1.5157011831612623,2.3262828993333455
1657,2.239141079853452,2.204481354229902
1658,2.071449286560793,2.1772796888924346
1659,1.9923736183251102,2.1141069058931112
1660,1.8609119014322044,1.7449019022809513
1661,2.0212105505007703,1.5568748565236834
1662,1.851530319772083,1.5961928780970855
1663,2.0918278600411417,1.6613829778658395
1664,2.4034314929386253,1.7711443064953656
1665,2.3978562324400516,1.9151566336666157
1666,2.3739396378697806,2.04454335250255
1667,2.783264816203932,2.130367197973402
1668,1.4678750161113152,2.1847795716084497
1669,1.555729455726367,2.124422144563502
1670,1.4504808593851637,2.080757728303628
1671,1.4367392976979376,2.0397146240989237
1672,1.4414203826420025,1.9812674988186405
1673,1.0791793218578414,1.9402565051056324
1674,1.080293398553394,1.8389916512873021
1675,1.4077731335609658,1.7066778418487794
1676,1.3074457034928346,1.6076695319608707
1677,1.231258401509375,1.501020138523176
1678,1.1350420351237653,1.3458194970537205
1679,1.1217145339196246,1.3125361989549653
1680,2.2351040670181472,1.2691347067742913
1681,2.4645553174645345,1.3475970275375895
1682,2.9805483306887233,1.4503786295142493
1683,3.4619380441067955,1.6042914243189212
1684,1.8533361325157904,1.8425672965438167
1685,1.303106408969579,1.9198715699400561
1686,1.386019326982422,1.9094048974809177
1687,1.4342632590480395,1.9172622598298765
1688,0.06893389966964936,1.9375627455837428
1689,0.05085116243115865,1.8309519320383312
1690,0.051670230129149175,1.7238655948894845
1691,0.05187765978210321,1.5055222112005848
1692,0.05347180087133228,1.2642544454323417
1693,0.05482727294984732,0.9715467924506026
1694,0.055431507061458656,0.6308357153349078
1695,0.06740220428721522,0.45104525278947455
1696,0.3328465608835717,0.3274748323212382
1697,0.30403530024112546,0.22215755571135323
1698,0.29494813210012855,0.10913475983066181
1699,0.6960617643464134,0.13173618307370974
1700,0.820211227549305,0.1962572432652352
1701,0.8220221738779315,0.2731113430072508
1702,1.3086848437213479,0.35012579441683356
1703,2.3219995711392496,0.4756470987018352
1704,1.7389938566071474,0.7023643285207755
1705,1.3493305555921864,0.8707205634753443
1706,1.5846233013248885,0.9989133986058413
1707,1.736677341552297,1.124091072649973
1708,2.1965569111983476,1.2673552767810903
1709,2.160776614884445,1.4575161546909121
1710,2.1609069940837156,1.6039876397447153
1711,1.7988396892829122,1.7380572163981562
1712,1.5870600265539787,1.8357389679386547
1713,1.2159493267954116,1.8635764862219175
1714,1.2199433035092737,1.7529714617875336
1715,1.1959055899540947,1.701066406477746
1716,1.2377639583802065,1.685723909913937
1717,1.2470204395131717,1.6510379756194689
1718,1.3435635206256762,1.6020722854155565
1719,1.1979700415297079,1.5167729463582893
1720,1.6876099449848596,1.4204922890228153
1721,1.913736874648626,1.37316258411293
1722,1.9147711647090737,1.3846523026495015
1723,1.085428104933616,1.4174234164650108
1724,1.0858060792534312,1.4043712942788313
1725,1.098971013554298,1.390957571853247
1726,1.4869787250330784,1.3812641142132673
1727,1.4340239793091414,1.4061855908785545
1728,1.3826364146883066,1.4248859448581515
1729,1.5292571899013654,1.4287932342644145
1730,1.7620837284005144,1.4619219491015805
1731,2.005627358308649,1.4693693274431459
1732,1.9413531011869063,1.4785583758091483
1733,2.840151107591256,1.4812165694569313
1734,2.819059762238864,1.6566888697226954
1735,2.644041212467569,1.8300142380212385
1736,0.8756371154602511,1.9845212579125657
1737,0.41495384098105276,1.9233870969552829
1738,0.4158103957433437,1.821480083122474
1739,0.40018460204527034,1.7247974812279778
1740,0.3925060624950393,1.6118902224423681
1741,0.39591886187991476,1.4749324558518209
1742,0.40802519071713655,1.3139616062089474
1743,0.4129991739475587,1.1606288151619704
1744,0.5293262593817984,0.9179136217976007
1745,0.46257520166156413,0.6889402715118942
1746,0.5644269094185793,0.4707936704312936
1747,0.32688591207349793,0.4396726498271265
1748,0.34396567383069604,0.43086585693637103
1749,0.36040172792015224,0.4236813847451063
1750,0.30736178717836976,0.4197030973325944
1751,0.21632613690437638,0.41118866980092755
1752,0.23276731632125053,0.39322939730337364
1753,0.29734952545641136,0.37570360986378504
1754,0.2905068243211067,0.3641386450146703
1755,0.30136418283087685,0.34025670150860116
1756,0.32295827666483956,0.3241355996255324
1757,0.3111521754314848,0.29998873635015844
1758,0.22249691534095564,0.29841536268595714
1759,0.22431529626989447,0.2862684868369831
1760,0.20483424068766112,0.27265984367195734
1761,0.2110013366681854,0.26240708902288645
1762,0.2087656548731221,0.26187460899926734
1763,0.20755573565614793,0.25947444285445453
1764,0.19626187223637936,0.25049506387442816
1765,0.24231213958022527,0.24107056866595541
1766,0.24232572110904266,0.23516536434089028
1767,0.38274314531832565,0.2271021087853106
1768,0.36748299224779724,0.23426120577399465
1769,0.354413247894462,0.24875981346467882
1770,0.3596632521559004,0.2617696086271356
1771,0.4385476123154648,0.2772525097739595
1772,0.6002279004327434,0.30000713733868745
1773,0.6483837009476823,0.33915336189464956
1774,0.47210738620258225,0.383236158423803
1775,0.42023361885595645,0.41082070982042335
1776,0.36804988701433305,0.4286128577479964
1777,0.3663293501159267,0.44118527433852545
1778,0.008348481911175947,0.43954389481828554
1779,0.005754190922861677,0.4036304437846234
1780,0.005760936271333703,0.3687645380874634
1781,0.005743458601813295,0.3333743064990068
1782,0.005712697999679377,0.2900938911276416
1783,0.005716025544866948,0.23064237088433517
1784,0.005722192919933544,0.16637560334405366
1785,0.006750671596756593,0.11973708401578878
1786,0.24425779660617647,0.0783887892898688
1787,0.24120798897304396,0.06600958024905314
1788,0.24223663173546695,0.05349744413476486
1789,0.30782430081939505,0.07688625911719396
1790,0.32457163705213576,0.1070932701068473
1791,0.2830798336760244,0.1389743401849275
1792,0.2536518860601589,0.16670797769234863
1793,0.248000216563968,0.19150189649839658
1794,0.2476030898266788,0.21573031560030667
1795,0.3004772915104391,0.2399184052909812
1796,0.39350260636010487,0.26929106728234947
1797,0.39172432747238756,0.2842155482577423
1798,0.2829758310798922,0.29926718210767667
1799,0.2778929772570039,0.30334110204211917
1800,0.2778767073780171,0.30034796968588007
1801,0.28361134003624805,0.29567847671846825
1802,0.2554138341774913,0.2957316273544906
1803,0.23183285892040262,0.2959078221662238
1804,0.23291139650354983,0.2942910864018673
1805,0.29879696467135447,0.2928219170695544
1806,0.24905060854100727,0.29265388438564593
1807,0.2341169619594594,0.2782086846037361
1808,0.23688150066972521,0.2624479480524433
1809,0.23943445565714563,0.2578385150114267
1810,0.24244579654954654,0.2539926628514408
1811,0.21343074618853425,0.2504495717685937
1812,0.21323159902402286,0.24343151238382235
1813,0.21580072952388432,0.23921328886847554
1814,0.1850818650162387,0.2376100759288237
1815,0.16634877552470115,0.23282712278009257
1816,0.1986547707987419,0.2195823038654272
1817,0.3846969987910887,0.21454272009120068
1818,0.21202265937717688,0.22960072377436364
1819,0.17668401496736433,0.2271148396451088
1820,0.17130790833172477,0.22083979557613068
1821,0.14696826439735353,0.2137260067543485
1822,0.14774785064651097,0.20707975857523042
1823,0.1848411977301922,0.20053138373747922
1824,0.3813618304105442,0.19743543055811003
1825,0.20524231987031583,0.2170634270975406
1826,0.19463398157681572,0.22095278153210204
1827,0.1997011179494497,0.22055070260990944
1828,0.19095531493489368,0.20205111452574553
1829,0.19143659424539344,0.19994438008151721
1830,0.1679082321022726,0.20141963800932014
1831,0.1677318431495513,0.20107967038637492
1832,0.3165078010369976,0.20315602826159468
1833,0.233582948607433,0.22003202330064334
1834,0.18517121576053522,0.22490619838836742
1835,0.17862069677379835,0.20528713692336656
1836,0.19282588678455093,0.20262497461371476
1837,0.19374622557530538,0.2024441651344883
1838,0.20511017063117215,0.2018486758970739
1839,0.08049395787456874,0.20326416146670173
1840,0.05930273391104913,0.19216989782961924
1841,0.02999468162731099,0.1813093480104969
1842,0.022264872514629486,0.16753563185827286
1843,0.022423009971396422,0.13811133900603606
1844,0.025003128867667136,0.1169953451424324
1845,0.026911874456773996,0.10097853645314558
1846,0.026763997424766053,0.08580765422144314
1847,0.02685927656664002,0.06920146528546466
1848,0.028845209739163224,0.05251277038459813
1849,0.04652907693136994,0.03488627429539723
1850,0.09004853131110957,0.031489786201077355
1851,0.08406326080526853,0.0345643659410834
1852,0.07113759086556189,0.03997122385887915
1853,0.06681052961946594,0.04485849569397239
1854,0.06792954920209249,0.04929724765877934
1855,0.06943602158916362,0.05358988969222188
1856,0.06869009880998697,0.05784230440546084
1857,0.20161394939899274,0.062034914543982925
1858,0.2187094792566995,0.0795103818272182
1859,0.040214667197421575,0.09849680877897184
1860,0.02810764221058712,0.097865367805577
1861,0.013205564694463308,0.09167127889552476
1862,0.010529913927020755,0.08458550928444422
1863,0.010822805770808403,0.07852474159059011
1864,0.012351855960996324,0.07292596920572436
1865,0.015481186065079967,0.06736819988161474
1866,0.013438558038205666,0.06197271632920638
1867,0.011681475327462843,0.05644756225202825
1868,0.011800091255286598,0.037454314844875256
1869,0.01582323076529398,0.016763376044733967
1870,0.025796155738515243,0.014324232401521206
1871,0.028756661679463853,0.01409308375431402
1872,0.06450875322753291,0.015648193452814076
1873,0.06411737819410943,0.02104607738286529
1874,0.04654713815346955,0.02637553462519539
1875,0.046755462145241636,0.029795062844442714
1876,0.050306693465321205,0.03292249045245888
1877,0.011570245992213858,0.03660930399517044
1878,0.011379879320960653,0.036598181061645536
1879,0.011947565513684078,0.03655615986821294
1880,0.012086545517942441,0.036168593343051954
1881,0.011970002214938873,0.03479763232099468
1882,0.01180430340667801,0.033118966374542175
1883,0.011603610365661767,0.027848521392456683
1884,0.02486267769880014,0.02259714460961192
1885,0.05748389479043869,0.020428698564144976
1886,0.05305633439069821,0.02150154182866468
1887,0.048079215113227276,0.02177650592120238
1888,0.06536474545205373,0.025427402833303726
1889,0.06948675248395322,0.03082588944641303
1890,0.07172322861638503,0.036579808143439946
1891,0.07079001368450116,0.042543476453284206
1892,0.06895431880402536,0.048425477600240435
1893,0.06718702736041074,0.054140479139975176
1894,0.06603100032103067,0.059698820839450065
1895,0.06654196912769247,0.06381565310167311
1896,0.12086966248906872,0.06472146053539848
1897,0.16685717622775265,0.07150279334523554
1898,0.17850143087024128,0.0833805894566881
1899,0.17102177151569078,0.09469425799850684
1900,0.12908254972626723,0.1048477599016806
1901,0.09001155619088683,0.11058369201266882
1902,0.09209999995203932,0.11250584626330737
1903,0.13083239317529782,0.11482041437810878
1904,0.14167259676291574,0.1211849509595975
1905,0.1646245028602193,0.128749110603786
1906,0.1750982789366096,0.1385573639770387
1907,0.11019177851150991,0.14398022562179277
1908,0.09900211490449931,0.1383136858501685
1909,0.10451790717214796,0.1303637542535943
1910,0.11322467205749923,0.12371336781924003
1911,0.11525802083021114,0.12212758005236321
1912,0.12754048256055703,0.12465222651629566
1913,0.1300250605721689,0.1281962747771474
1914,0.12052467653801606,0.12811554151683452
1915,0.10960380612596705,0.12600074949434453
1916,0.10975631882827504,0.1204986798209193
1917,0.10955599052342592,0.11396448381008586
1918,0.12550776012277662,0.11390090501127748
1919,0.11734932049672141,0.1165514695331052
1920,0.11336186100875321,0.11783461086556254
1921,0.12620231665454698,0.11784832976068796
1922,0.12822111787197382,0.11894275934312153
1923,0.12635754398307122,0.1190108228742632
